[
  {
    "model": "Claude Sonnet 4.5",
    "step": 1,
    "entropy_bits_mean": 8.2288186905,
    "entropy_bits_std": 0.0,
    "entropy_bits_lo": 8.2288186905,
    "entropy_bits_hi": 8.2288186905
  },
  {
    "model": "Claude Sonnet 4.5",
    "step": 2,
    "entropy_bits_mean": 7.5442376226,
    "entropy_bits_std": 0.146596923,
    "entropy_bits_lo": 7.3976406996,
    "entropy_bits_hi": 7.6908345456
  },
  {
    "model": "Claude Sonnet 4.5",
    "step": 3,
    "entropy_bits_mean": 6.7600860934,
    "entropy_bits_std": 0.3235480658,
    "entropy_bits_lo": 6.4365380277,
    "entropy_bits_hi": 7.0836341592
  },
  {
    "model": "Claude Sonnet 4.5",
    "step": 4,
    "entropy_bits_mean": 6.6199695317,
    "entropy_bits_std": 0.2413684665,
    "entropy_bits_lo": 6.3786010652,
    "entropy_bits_hi": 6.8613379982
  },
  {
    "model": "Claude Sonnet 4.5",
    "step": 5,
    "entropy_bits_mean": 5.9579418074,
    "entropy_bits_std": 0.2633159542,
    "entropy_bits_lo": 5.6946258532,
    "entropy_bits_hi": 6.2212577615
  },
  {
    "model": "Claude Sonnet 4.5",
    "step": 6,
    "entropy_bits_mean": 5.0063398408,
    "entropy_bits_std": 0.3306506604,
    "entropy_bits_lo": 4.6756891804,
    "entropy_bits_hi": 5.3369905012
  },
  {
    "model": "Claude Sonnet 4.5",
    "step": 7,
    "entropy_bits_mean": 4.260281508,
    "entropy_bits_std": 0.426118701,
    "entropy_bits_lo": 3.834162807,
    "entropy_bits_hi": 4.6864002089
  },
  {
    "model": "Claude Sonnet 4.5",
    "step": 8,
    "entropy_bits_mean": 3.483812619,
    "entropy_bits_std": 0.4343910439,
    "entropy_bits_lo": 3.0494215751,
    "entropy_bits_hi": 3.9182036628
  },
  {
    "model": "Claude Sonnet 4.5",
    "step": 9,
    "entropy_bits_mean": 0.0,
    "entropy_bits_std": 0.0,
    "entropy_bits_lo": 0.0,
    "entropy_bits_hi": 0.0
  },
  {
    "model": "Claude Sonnet 4.5",
    "step": 10,
    "entropy_bits_mean": 0.0,
    "entropy_bits_std": 0.0,
    "entropy_bits_lo": 0.0,
    "entropy_bits_hi": 0.0
  },
  {
    "model": "GPT 5",
    "step": 1,
    "entropy_bits_mean": 8.228819,
    "entropy_bits_std": 0.0,
    "entropy_bits_lo": 8.228819,
    "entropy_bits_hi": 8.228819
  },
  {
    "model": "GPT 5",
    "step": 2,
    "entropy_bits_mean": 7.139769,
    "entropy_bits_std": 0.162965763,
    "entropy_bits_lo": 6.976803237,
    "entropy_bits_hi": 7.302734763
  },
  {
    "model": "GPT 5",
    "step": 3,
    "entropy_bits_mean": 6.321928094887363,
    "entropy_bits_std": 0.3007942027,
    "entropy_bits_lo": 6.021133892187363,
    "entropy_bits_hi": 6.622722297587362
  },
  {
    "model": "GPT 5",
    "step": 4,
    "entropy_bits_mean": 4.807354922057604,
    "entropy_bits_std": 0.3947286168,
    "entropy_bits_lo": 4.412626305257604,
    "entropy_bits_hi": 5.202083538857604
  },
  {
    "model": "GPT 5",
    "step": 5,
    "entropy_bits_mean": 3.169925001442312,
    "entropy_bits_std": 0.3991135729,
    "entropy_bits_lo": 2.770811428542312,
    "entropy_bits_hi": 3.5690385743423123
  },
  {
    "model": "GPT 5",
    "step": 6,
    "entropy_bits_mean": 2.0,
    "entropy_bits_std": 0.509734164,
    "entropy_bits_lo": 1.4902658359999998,
    "entropy_bits_hi": 2.509734164
  },
  {
    "model": "GPT 5",
    "step": 7,
    "entropy_bits_mean": 0.0,
    "entropy_bits_std": 0.0,
    "entropy_bits_lo": 0.0,
    "entropy_bits_hi": 0.0
  },
  {
    "model": "GPT 5",
    "step": 8,
    "entropy_bits_mean": 0.0,
    "entropy_bits_std": 0.0,
    "entropy_bits_lo": 0.0,
    "entropy_bits_hi": 0.0
  },
  {
    "model": "GPT 5",
    "step": 9,
    "entropy_bits_mean": 0.0,
    "entropy_bits_std": 0.0,
    "entropy_bits_lo": 0.0,
    "entropy_bits_hi": 0.0
  },
  {
    "model": "GPT 5",
    "step": 10,
    "entropy_bits_mean": 0.0,
    "entropy_bits_std": 0.0,
    "entropy_bits_lo": 0.0,
    "entropy_bits_hi": 0.0
  },
  {
    "model": "Gemini 2.5 Pro",
    "step": 1,
    "entropy_bits_mean": 8.2288186905,
    "entropy_bits_std": 0.0,
    "entropy_bits_lo": 8.2288186905,
    "entropy_bits_hi": 8.2288186905
  },
  {
    "model": "Gemini 2.5 Pro",
    "step": 2,
    "entropy_bits_mean": 7.4030641387,
    "entropy_bits_std": 0.157836667,
    "entropy_bits_lo": 7.2452274718,
    "entropy_bits_hi": 7.5609008057
  },
  {
    "model": "Gemini 2.5 Pro",
    "step": 3,
    "entropy_bits_mean": 6.7985545376,
    "entropy_bits_std": 0.2676496058,
    "entropy_bits_lo": 6.5309049318,
    "entropy_bits_hi": 7.0662041434
  },
  {
    "model": "Gemini 2.5 Pro",
    "step": 4,
    "entropy_bits_mean": 6.2536510604,
    "entropy_bits_std": 0.323658644,
    "entropy_bits_lo": 5.9299924163,
    "entropy_bits_hi": 6.5773097044
  },
  {
    "model": "Gemini 2.5 Pro",
    "step": 5,
    "entropy_bits_mean": 5.3884759517,
    "entropy_bits_std": 0.3071476079,
    "entropy_bits_lo": 5.0813283438,
    "entropy_bits_hi": 5.6956235596
  },
  {
    "model": "Gemini 2.5 Pro",
    "step": 6,
    "entropy_bits_mean": 4.4021706422,
    "entropy_bits_std": 0.4436564996,
    "entropy_bits_lo": 3.9585141426,
    "entropy_bits_hi": 4.8458271418
  },
  {
    "model": "Gemini 2.5 Pro",
    "step": 7,
    "entropy_bits_mean": 3.6348821152,
    "entropy_bits_std": 0.439585652,
    "entropy_bits_lo": 3.1952964631,
    "entropy_bits_hi": 4.0744677672
  },
  {
    "model": "Gemini 2.5 Pro",
    "step": 8,
    "entropy_bits_mean": 2.5516511538,
    "entropy_bits_std": 0.5364600056,
    "entropy_bits_lo": 2.0151911482,
    "entropy_bits_hi": 3.0881111595
  },
  {
    "model": "Gemini 2.5 Pro",
    "step": 9,
    "entropy_bits_mean": 0.0,
    "entropy_bits_std": 0.0,
    "entropy_bits_lo": 0.0,
    "entropy_bits_hi": 0.0
  },
  {
    "model": "Gemini 2.5 Pro",
    "step": 10,
    "entropy_bits_mean": 0.0,
    "entropy_bits_std": 0.0,
    "entropy_bits_lo": 0.0,
    "entropy_bits_hi": 0.0
  },
  {
    "model": "Grok 4",
    "step": 1,
    "entropy_bits_mean": 8.2288186905,
    "entropy_bits_std": 0.0,
    "entropy_bits_lo": 8.2288186905,
    "entropy_bits_hi": 8.2288186905
  },
  {
    "model": "Grok 4",
    "step": 2,
    "entropy_bits_mean": 7.5754428955,
    "entropy_bits_std": 0.125470367,
    "entropy_bits_lo": 7.4499725285,
    "entropy_bits_hi": 7.7009132625
  },
  {
    "model": "Grok 4",
    "step": 3,
    "entropy_bits_mean": 7.2520856861,
    "entropy_bits_std": 0.1431284266,
    "entropy_bits_lo": 7.1089572594,
    "entropy_bits_hi": 7.3952141127
  },
  {
    "model": "Grok 4",
    "step": 4,
    "entropy_bits_mean": 6.92403186,
    "entropy_bits_std": 0.2102131893,
    "entropy_bits_lo": 6.7138186707,
    "entropy_bits_hi": 7.1342450492
  },
  {
    "model": "Grok 4",
    "step": 5,
    "entropy_bits_mean": 6.4047469879,
    "entropy_bits_std": 0.2098499969,
    "entropy_bits_lo": 6.194896991,
    "entropy_bits_hi": 6.6145969849
  },
  {
    "model": "Grok 4",
    "step": 6,
    "entropy_bits_mean": 5.8430844948,
    "entropy_bits_std": 0.3574577105,
    "entropy_bits_lo": 5.4856267843,
    "entropy_bits_hi": 6.2005422053
  },
  {
    "model": "Grok 4",
    "step": 7,
    "entropy_bits_mean": 5.3579518865,
    "entropy_bits_std": 0.3953317009,
    "entropy_bits_lo": 4.9626201856,
    "entropy_bits_hi": 5.7532835874
  },
  {
    "model": "Grok 4",
    "step": 8,
    "entropy_bits_mean": 4.3662874205,
    "entropy_bits_std": 0.5209548048,
    "entropy_bits_lo": 3.8453326157,
    "entropy_bits_hi": 4.8872422253
  },
  {
    "model": "Grok 4",
    "step": 9,
    "entropy_bits_mean": 3.4612936148,
    "entropy_bits_std": 0.6588615439,
    "entropy_bits_lo": 2.8024320709,
    "entropy_bits_hi": 4.1201551587
  },
  {
    "model": "Grok 4",
    "step": 10,
    "entropy_bits_mean": 0.0,
    "entropy_bits_std": 0.0,
    "entropy_bits_lo": 0.0,
    "entropy_bits_hi": 0.0
  },
  {
    "model": "Oracle (Optimal)",
    "step": 1,
    "entropy_bits_mean": 8.2288,
    "entropy_bits_std": 0.0,
    "entropy_bits_lo": 8.2288,
    "entropy_bits_hi": 8.2288
  },
  {
    "model": "Oracle (Optimal)",
    "step": 2,
    "entropy_bits_mean": 5.9098,
    "entropy_bits_std": 0.0899,
    "entropy_bits_lo": 5.8199,
    "entropy_bits_hi": 5.9997
  },
  {
    "model": "Oracle (Optimal)",
    "step": 3,
    "entropy_bits_mean": 3.6194,
    "entropy_bits_std": 0.3122,
    "entropy_bits_lo": 3.3072000000000004,
    "entropy_bits_hi": 3.9316
  },
  {
    "model": "Oracle (Optimal)",
    "step": 4,
    "entropy_bits_mean": 1.5689,
    "entropy_bits_std": 0.6555,
    "entropy_bits_lo": 0.9134,
    "entropy_bits_hi": 2.2244
  },
  {
    "model": "Oracle (Optimal)",
    "step": 5,
    "entropy_bits_mean": 0.145,
    "entropy_bits_std": 0.3775,
    "entropy_bits_lo": -0.2325,
    "entropy_bits_hi": 0.5225
  },
  {
    "model": "Oracle (Optimal)",
    "step": 6,
    "entropy_bits_mean": 0.0,
    "entropy_bits_std": 0.0,
    "entropy_bits_lo": 0.0,
    "entropy_bits_hi": 0.0
  },
  {
    "model": "Oracle (Optimal)",
    "step": 7,
    "entropy_bits_mean": 0.0,
    "entropy_bits_std": 0.0,
    "entropy_bits_lo": 0.0,
    "entropy_bits_hi": 0.0
  },
  {
    "model": "Oracle (Optimal)",
    "step": 8,
    "entropy_bits_mean": 0.0,
    "entropy_bits_std": 0.0,
    "entropy_bits_lo": 0.0,
    "entropy_bits_hi": 0.0
  },
  {
    "model": "Oracle (Optimal)",
    "step": 9,
    "entropy_bits_mean": 0.0,
    "entropy_bits_std": 0.0,
    "entropy_bits_lo": 0.0,
    "entropy_bits_hi": 0.0
  },
  {
    "model": "Oracle (Optimal)",
    "step": 10,
    "entropy_bits_mean": 0.0,
    "entropy_bits_std": 0.0,
    "entropy_bits_lo": 0.0,
    "entropy_bits_hi": 0.0
  }
]