{
  "dataset_id": "25_cars",
  "domain": "CARS",
  "object_type": "car",
  "tier": 25,
  "created_utc": "2025-11-18T07:43:06.670747Z",
  "num_items": 25,
  "num_attributes": 20,
  "attributes": [
    "all_wheel_drive",
    "convertible",
    "coupe",
    "domestic",
    "electric",
    "expensive",
    "front_wheel_drive",
    "gas",
    "hybrid",
    "luxury",
    "off_road",
    "rear_wheel_drive",
    "seats_2",
    "seats_4",
    "seats_5",
    "seats_7plus",
    "sedan",
    "sports",
    "suv",
    "truck"
  ],
  "duplicates_present": false,
  "num_equivalence_classes": 25
}