[
  {
    "model": "Claude Haiku 4.5",
    "step": 1,
    "entropy_bits_mean": 4.643856189774724,
    "entropy_bits_std": 0.0,
    "entropy_bits_lo": 4.643856189774724,
    "entropy_bits_hi": 4.643856189774724
  },
  {
    "model": "Claude Haiku 4.5",
    "step": 2,
    "entropy_bits_mean": 4.111255456383025,
    "entropy_bits_std": 0.0677723230957891,
    "entropy_bits_lo": 4.0,
    "entropy_bits_hi": 4.247927513443585
  },
  {
    "model": "Claude Haiku 4.5",
    "step": 3,
    "entropy_bits_mean": 3.371635062115098,
    "entropy_bits_std": 0.1482080708238361,
    "entropy_bits_lo": 3.169925001442312,
    "entropy_bits_hi": 3.584962500721156
  },
  {
    "model": "Claude Haiku 4.5",
    "step": 4,
    "entropy_bits_mean": 2.5282914211046625,
    "entropy_bits_std": 0.1580799981640484,
    "entropy_bits_lo": 2.321928094887362,
    "entropy_bits_hi": 2.807354922057604
  },
  {
    "model": "Claude Haiku 4.5",
    "step": 5,
    "entropy_bits_mean": 1.9491853096329677,
    "entropy_bits_std": 0.2166227192153074,
    "entropy_bits_lo": 1.584962500721156,
    "entropy_bits_hi": 2.321928094887362
  },
  {
    "model": "Claude Haiku 4.5",
    "step": 6,
    "entropy_bits_mean": 1.0,
    "entropy_bits_std": 0.0,
    "entropy_bits_lo": 1.0,
    "entropy_bits_hi": 1.0
  },
  {
    "model": "Claude Haiku 4.5",
    "step": 7,
    "entropy_bits_mean": 0.4,
    "entropy_bits_std": 0.5163977794943222,
    "entropy_bits_lo": 0.0,
    "entropy_bits_hi": 1.0
  },
  {
    "model": "GPT 4.1",
    "step": 1,
    "entropy_bits_mean": 4.643856189774724,
    "entropy_bits_std": 0.0,
    "entropy_bits_lo": 4.643856189774724,
    "entropy_bits_hi": 4.643856189774724
  },
  {
    "model": "GPT 4.1",
    "step": 2,
    "entropy_bits_mean": 4.280483153452,
    "entropy_bits_std": 0.1249755744358852,
    "entropy_bits_lo": 4.087462841250339,
    "entropy_bits_hi": 4.523561956057013
  },
  {
    "model": "GPT 4.1",
    "step": 3,
    "entropy_bits_mean": 3.67489391891986,
    "entropy_bits_std": 0.0996861949657581,
    "entropy_bits_lo": 3.584962500721156,
    "entropy_bits_hi": 3.906890595608519
  },
  {
    "model": "GPT 4.1",
    "step": 4,
    "entropy_bits_mean": 3.1493481196986286,
    "entropy_bits_std": 0.1195358238057636,
    "entropy_bits_lo": 3.0,
    "entropy_bits_hi": 3.321928094887362
  },
  {
    "model": "GPT 4.1",
    "step": 5,
    "entropy_bits_mean": 2.5808983022714216,
    "entropy_bits_std": 0.1147365633042526,
    "entropy_bits_lo": 2.321928094887362,
    "entropy_bits_hi": 2.807354922057604
  },
  {
    "model": "GPT 4.1",
    "step": 6,
    "entropy_bits_mean": 1.990689059560852,
    "entropy_bits_std": 0.1748100200429754,
    "entropy_bits_lo": 1.584962500721156,
    "entropy_bits_hi": 2.321928094887362
  },
  {
    "model": "GPT 4.1",
    "step": 7,
    "entropy_bits_mean": 0.3,
    "entropy_bits_std": 0.4830458915396479,
    "entropy_bits_lo": 0.0,
    "entropy_bits_hi": 1.0
  },
  {
    "model": "Gemini 2.0 Flash",
    "step": 1,
    "entropy_bits_mean": 4.643856189774724,
    "entropy_bits_std": 0.0,
    "entropy_bits_lo": 4.643856189774724,
    "entropy_bits_hi": 4.643856189774724
  },
  {
    "model": "Gemini 2.0 Flash",
    "step": 2,
    "entropy_bits_mean": 4.21342671660763,
    "entropy_bits_std": 0.1102084313299985,
    "entropy_bits_lo": 4.087462841250339,
    "entropy_bits_hi": 4.392317422778761
  },
  {
    "model": "Gemini 2.0 Flash",
    "step": 3,
    "entropy_bits_mean": 3.5440952389966065,
    "entropy_bits_std": 0.1185232046666464,
    "entropy_bits_lo": 3.321928094887362,
    "entropy_bits_hi": 3.700439718141092
  },
  {
    "model": "Gemini 2.0 Flash",
    "step": 4,
    "entropy_bits_mean": 2.878463484555752,
    "entropy_bits_std": 0.1735336207779784,
    "entropy_bits_lo": 2.584962500721156,
    "entropy_bits_hi": 3.0
  },
  {
    "model": "Gemini 2.0 Flash",
    "step": 5,
    "entropy_bits_mean": 2.374534976054121,
    "entropy_bits_std": 0.1109050433898492,
    "entropy_bits_lo": 2.321928094887362,
    "entropy_bits_hi": 2.584962500721156
  },
  {
    "model": "Gemini 2.0 Flash",
    "step": 6,
    "entropy_bits_mean": 1.5679700005769248,
    "entropy_bits_std": 0.2384090328373738,
    "entropy_bits_lo": 1.0,
    "entropy_bits_hi": 2.0
  },
  {
    "model": "Gemini 2.0 Flash",
    "step": 7,
    "entropy_bits_mean": 0.3,
    "entropy_bits_std": 0.4830458915396479,
    "entropy_bits_lo": 0.0,
    "entropy_bits_hi": 1.0
  },
  {
    "model": "Oracle",
    "step": 1,
    "entropy_bits_mean": 4.643856189774724,
    "entropy_bits_std": 0.0,
    "entropy_bits_lo": 4.643856189774724,
    "entropy_bits_hi": 4.643856189774724
  },
  {
    "model": "Oracle",
    "step": 2,
    "entropy_bits_mean": 3.580941034855587,
    "entropy_bits_std": 0.1136320761258956,
    "entropy_bits_lo": 3.4594316186372973,
    "entropy_bits_hi": 3.700439718141092
  },
  {
    "model": "Oracle",
    "step": 3,
    "entropy_bits_mean": 2.801405453378794,
    "entropy_bits_std": 0.1385588797711959,
    "entropy_bits_lo": 2.584962500721156,
    "entropy_bits_hi": 3.0
  },
  {
    "model": "Oracle",
    "step": 4,
    "entropy_bits_mean": 1.6264662506490404,
    "entropy_bits_std": 0.1312463812101637,
    "entropy_bits_lo": 1.584962500721156,
    "entropy_bits_hi": 2.0
  },
  {
    "model": "Oracle",
    "step": 5,
    "entropy_bits_mean": 0.2,
    "entropy_bits_std": 0.4216370213557839,
    "entropy_bits_lo": 0.0,
    "entropy_bits_hi": 1.0
  },
  {
    "model": "Oracle",
    "step": 6,
    "entropy_bits_mean": 0.2,
    "entropy_bits_std": 0.0,
    "entropy_bits_lo": 0.2,
    "entropy_bits_hi": 0.2
  },
  {
    "model": "Oracle",
    "step": 7,
    "entropy_bits_mean": 0.2,
    "entropy_bits_std": 0.0,
    "entropy_bits_lo": 0.2,
    "entropy_bits_hi": 0.2
  }
]