[
  {
    "model": "Claude Haiku 4.5",
    "step": 1,
    "entropy_bits_mean": 4.643856189774724,
    "entropy_bits_std": 0.0,
    "entropy_bits_lo": 4.643856189774724,
    "entropy_bits_hi": 4.643856189774724
  },
  {
    "model": "Claude Haiku 4.5",
    "step": 2,
    "entropy_bits_mean": 4.087462841250339,
    "entropy_bits_std": 0.1610852510378947,
    "entropy_bits_lo": 3.807354922057604,
    "entropy_bits_hi": 4.321928094887363
  },
  {
    "model": "Claude Haiku 4.5",
    "step": 3,
    "entropy_bits_mean": 3.584962500721156,
    "entropy_bits_std": 0.1242410102298062,
    "entropy_bits_lo": 3.4594316186372973,
    "entropy_bits_hi": 3.807354922057604
  },
  {
    "model": "Claude Haiku 4.5",
    "step": 4,
    "entropy_bits_mean": 3.169925001442312,
    "entropy_bits_std": 0.1194513859762004,
    "entropy_bits_lo": 3.0,
    "entropy_bits_hi": 3.4594316186372973
  },
  {
    "model": "Claude Haiku 4.5",
    "step": 5,
    "entropy_bits_mean": 2.321928094887362,
    "entropy_bits_std": 0.1270576890715865,
    "entropy_bits_lo": 2.321928094887362,
    "entropy_bits_hi": 2.584962500721156
  },
  {
    "model": "Claude Haiku 4.5",
    "step": 6,
    "entropy_bits_mean": 2.0,
    "entropy_bits_std": 0.2004821588615351,
    "entropy_bits_lo": 1.584962500721156,
    "entropy_bits_hi": 2.0
  },
  {
    "model": "Claude Haiku 4.5",
    "step": 7,
    "entropy_bits_mean": 1.0,
    "entropy_bits_std": 0.0,
    "entropy_bits_lo": 1.0,
    "entropy_bits_hi": 1.0
  },
  {
    "model": "Claude Haiku 4.5",
    "step": 8,
    "entropy_bits_mean": 0.0,
    "entropy_bits_std": 0.0,
    "entropy_bits_lo": 0.0,
    "entropy_bits_hi": 0.0
  },
  {
    "model": "GPT 4.1",
    "step": 1,
    "entropy_bits_mean": 4.643856189774724,
    "entropy_bits_std": 0.0,
    "entropy_bits_lo": 4.643856189774724,
    "entropy_bits_hi": 4.643856189774724
  },
  {
    "model": "GPT 4.1",
    "step": 2,
    "entropy_bits_mean": 3.906890595608519,
    "entropy_bits_std": 0.1199922747659437,
    "entropy_bits_lo": 3.584962500721156,
    "entropy_bits_hi": 4.0
  },
  {
    "model": "GPT 4.1",
    "step": 3,
    "entropy_bits_mean": 3.0,
    "entropy_bits_std": 0.1159924384983056,
    "entropy_bits_lo": 3.0,
    "entropy_bits_hi": 3.321928094887362
  },
  {
    "model": "GPT 4.1",
    "step": 4,
    "entropy_bits_mean": 2.321928094887362,
    "entropy_bits_std": 0.2002600430017369,
    "entropy_bits_lo": 2.0,
    "entropy_bits_hi": 2.584962500721156
  },
  {
    "model": "GPT 4.1",
    "step": 5,
    "entropy_bits_mean": 1.584962500721156,
    "entropy_bits_std": 0.2004821588615351,
    "entropy_bits_lo": 1.584962500721156,
    "entropy_bits_hi": 2.0
  },
  {
    "model": "GPT 4.1",
    "step": 6,
    "entropy_bits_mean": 1.0,
    "entropy_bits_std": 0.0,
    "entropy_bits_lo": 1.0,
    "entropy_bits_hi": 1.0
  },
  {
    "model": "GPT 4.1",
    "step": 7,
    "entropy_bits_mean": 0.0,
    "entropy_bits_std": 0.0,
    "entropy_bits_lo": 0.0,
    "entropy_bits_hi": 1.0
  },
  {
    "model": "GPT 4.1",
    "step": 8,
    "entropy_bits_mean": 0.0,
    "entropy_bits_std": 0.0,
    "entropy_bits_lo": 0.0,
    "entropy_bits_hi": 0.0
  },
  {
    "model": "Gemini 2.0 Flash",
    "step": 1,
    "entropy_bits_mean": 4.643856189774724,
    "entropy_bits_std": 0.0,
    "entropy_bits_lo": 4.643856189774724,
    "entropy_bits_hi": 4.643856189774724
  },
  {
    "model": "Gemini 2.0 Flash",
    "step": 2,
    "entropy_bits_mean": 3.700439718141092,
    "entropy_bits_std": 0.0902455041408602,
    "entropy_bits_lo": 3.584962500721156,
    "entropy_bits_hi": 3.906890595608519
  },
  {
    "model": "Gemini 2.0 Flash",
    "step": 3,
    "entropy_bits_mean": 3.0,
    "entropy_bits_std": 0.2028853890574261,
    "entropy_bits_lo": 2.584962500721156,
    "entropy_bits_hi": 3.321928094887362
  },
  {
    "model": "Gemini 2.0 Flash",
    "step": 4,
    "entropy_bits_mean": 2.0,
    "entropy_bits_std": 0.2243105531970398,
    "entropy_bits_lo": 1.584962500721156,
    "entropy_bits_hi": 2.321928094887362
  },
  {
    "model": "Gemini 2.0 Flash",
    "step": 5,
    "entropy_bits_mean": 1.584962500721156,
    "entropy_bits_std": 0.0,
    "entropy_bits_lo": 1.584962500721156,
    "entropy_bits_hi": 1.584962500721156
  },
  {
    "model": "Gemini 2.0 Flash",
    "step": 6,
    "entropy_bits_mean": 1.0,
    "entropy_bits_std": 0.0,
    "entropy_bits_lo": 1.0,
    "entropy_bits_hi": 1.0
  },
  {
    "model": "Gemini 2.0 Flash",
    "step": 7,
    "entropy_bits_mean": 0.0,
    "entropy_bits_std": 0.0,
    "entropy_bits_lo": 0.0,
    "entropy_bits_hi": 0.0
  },
  {
    "model": "Gemini 2.0 Flash",
    "step": 8,
    "entropy_bits_mean": 0.0,
    "entropy_bits_std": 0.0,
    "entropy_bits_lo": 0.0,
    "entropy_bits_hi": 0.0
  },
  {
    "model": "Oracle",
    "step": 1,
    "entropy_bits_mean": 4.643856189774724,
    "entropy_bits_std": 0.0,
    "entropy_bits_lo": 4.643856189774724,
    "entropy_bits_hi": 4.643856189774724
  },
  {
    "model": "Oracle",
    "step": 2,
    "entropy_bits_mean": 3.584962500721156,
    "entropy_bits_std": 0.1136320761258956,
    "entropy_bits_lo": 3.4594316186372973,
    "entropy_bits_hi": 3.700439718141092
  },
  {
    "model": "Oracle",
    "step": 3,
    "entropy_bits_mean": 2.584962500721156,
    "entropy_bits_std": 0.1621488572197019,
    "entropy_bits_lo": 2.321928094887362,
    "entropy_bits_hi": 2.807354922057604
  },
  {
    "model": "Oracle",
    "step": 4,
    "entropy_bits_mean": 1.584962500721156,
    "entropy_bits_std": 0.2384090328373738,
    "entropy_bits_lo": 1.0,
    "entropy_bits_hi": 2.0
  },
  {
    "model": "Oracle",
    "step": 5,
    "entropy_bits_mean": 1.0,
    "entropy_bits_std": 0.0,
    "entropy_bits_lo": 1.0,
    "entropy_bits_hi": 1.0
  },
  {
    "model": "Oracle",
    "step": 6,
    "entropy_bits_mean": 0.0,
    "entropy_bits_std": 0.0,
    "entropy_bits_lo": 0.0,
    "entropy_bits_hi": 0.0
  },
  {
    "model": "Oracle",
    "step": 7,
    "entropy_bits_mean": 0.0,
    "entropy_bits_std": 0.0,
    "entropy_bits_lo": 0.0,
    "entropy_bits_hi": 0.0
  },
  {
    "model": "Oracle",
    "step": 8,
    "entropy_bits_mean": 0.0,
    "entropy_bits_std": 0.0,
    "entropy_bits_lo": 0.0,
    "entropy_bits_hi": 0.0
  }
]