model,run_id,step,entropy_bits
Claude Sonnet 4.5,1,1,7.643856189774724
Claude Sonnet 4.5,1,2,5.554588851677638
Claude Sonnet 4.5,1,3,5.044394119358453
Claude Sonnet 4.5,1,4,4.0
Claude Sonnet 4.5,1,5,3.169925001442312
Claude Sonnet 4.5,1,6,2.807354922057604
Claude Sonnet 4.5,1,7,2.584962500721156
Claude Sonnet 4.5,1,8,2.0
Claude Sonnet 4.5,1,9,0.0
Claude Sonnet 4.5,1,10,0.0
Claude Sonnet 4.5,2,1,7.643856189774724
Claude Sonnet 4.5,2,2,5.857980995127572
Claude Sonnet 4.5,2,3,4.857980995127572
Claude Sonnet 4.5,2,4,3.906890595608519
Claude Sonnet 4.5,2,5,2.584962500721156
Claude Sonnet 4.5,2,6,2.321928094887362
Claude Sonnet 4.5,2,7,2.0
Claude Sonnet 4.5,2,8,1.584962500721156
Claude Sonnet 4.5,2,9,0.0
Claude Sonnet 4.5,2,10,0.0
Claude Sonnet 4.5,3,1,7.643856189774724
Claude Sonnet 4.5,3,2,5.672425341971495
Claude Sonnet 4.5,3,3,4.459431618637297
Claude Sonnet 4.5,3,4,3.321928094887362
Claude Sonnet 4.5,3,5,2.0
Claude Sonnet 4.5,3,6,1.584962500721156
Claude Sonnet 4.5,3,7,1.0
Claude Sonnet 4.5,3,8,0.0
Claude Sonnet 4.5,3,9,0.0
Claude Sonnet 4.5,3,10,0.0
Claude Sonnet 4.5,4,1,7.643856189774724
Claude Sonnet 4.5,4,2,5.954196310386875
Claude Sonnet 4.5,4,3,4.954196310386875
Claude Sonnet 4.5,4,4,3.807354922057604
Claude Sonnet 4.5,4,5,2.807354922057604
Claude Sonnet 4.5,4,6,2.584962500721156
Claude Sonnet 4.5,4,7,2.584962500721156
Claude Sonnet 4.5,4,8,2.0
Claude Sonnet 4.5,4,9,0.0
Claude Sonnet 4.5,4,10,0.0
Claude Sonnet 4.5,5,1,7.643856189774724
Claude Sonnet 4.5,5,2,5.78135971352466
Claude Sonnet 4.5,5,3,4.247927513443585
Claude Sonnet 4.5,5,4,3.169925001442312
Claude Sonnet 4.5,5,5,2.321928094887362
Claude Sonnet 4.5,5,6,1.584962500721156
Claude Sonnet 4.5,5,7,1.0
Claude Sonnet 4.5,5,8,0.0
Claude Sonnet 4.5,5,9,0.0
Claude Sonnet 4.5,5,10,0.0
Claude Sonnet 4.5,6,1,7.643856189774724
Claude Sonnet 4.5,6,2,5.643856189774724
Claude Sonnet 4.5,6,3,4.523561956057013
Claude Sonnet 4.5,6,4,3.584962500721156
Claude Sonnet 4.5,6,5,2.321928094887362
Claude Sonnet 4.5,6,6,1.584962500721156
Claude Sonnet 4.5,6,7,1.0
Claude Sonnet 4.5,6,8,0.0
Claude Sonnet 4.5,6,9,0.0
Claude Sonnet 4.5,6,10,0.0
Claude Sonnet 4.5,7,1,7.643856189774724
Claude Sonnet 4.5,7,2,5.807354922057604
Claude Sonnet 4.5,7,3,5.129283016944966
Claude Sonnet 4.5,7,4,4.169925001442312
Claude Sonnet 4.5,7,5,3.0
Claude Sonnet 4.5,7,6,2.584962500721156
Claude Sonnet 4.5,7,7,2.584962500721156
Claude Sonnet 4.5,7,8,2.0
Claude Sonnet 4.5,7,9,0.0
Claude Sonnet 4.5,7,10,0.0
Claude Sonnet 4.5,8,1,7.643856189774724
Claude Sonnet 4.5,8,2,5.754887502163468
Claude Sonnet 4.5,8,3,4.584962500721156
Claude Sonnet 4.5,8,4,3.321928094887362
Claude Sonnet 4.5,8,5,1.584962500721156
Claude Sonnet 4.5,8,6,1.0
Claude Sonnet 4.5,8,7,1.0
Claude Sonnet 4.5,8,8,0.0
Claude Sonnet 4.5,8,9,0.0
Claude Sonnet 4.5,8,10,0.0
Claude Sonnet 4.5,9,1,7.643856189774724
Claude Sonnet 4.5,9,2,5.882643049361842
Claude Sonnet 4.5,9,3,4.857980995127572
Claude Sonnet 4.5,9,4,3.700439718141092
Claude Sonnet 4.5,9,5,2.584962500721156
Claude Sonnet 4.5,9,6,2.0
Claude Sonnet 4.5,9,7,1.584962500721156
Claude Sonnet 4.5,9,8,1.0
Claude Sonnet 4.5,9,9,0.0
Claude Sonnet 4.5,9,10,0.0
Claude Sonnet 4.5,10,1,7.643856189774724
Claude Sonnet 4.5,10,2,5.672425341971495
Claude Sonnet 4.5,10,3,4.643856189774724
Claude Sonnet 4.5,10,4,3.700439718141092
Claude Sonnet 4.5,10,5,2.321928094887362
Claude Sonnet 4.5,10,6,1.584962500721156
Claude Sonnet 4.5,10,7,1.0
Claude Sonnet 4.5,10,8,1.0
Claude Sonnet 4.5,10,9,0.0
Claude Sonnet 4.5,10,10,0.0
Claude Sonnet 4.5,11,1,7.643856189774724
Claude Sonnet 4.5,11,2,5.882643049361842
Claude Sonnet 4.5,11,3,5.247927513443585
Claude Sonnet 4.5,11,4,4.523561956057013
Claude Sonnet 4.5,11,5,3.169925001442312
Claude Sonnet 4.5,11,6,2.321928094887362
Claude Sonnet 4.5,11,7,2.321928094887362
Claude Sonnet 4.5,11,8,1.584962500721156
Claude Sonnet 4.5,11,9,0.0
Claude Sonnet 4.5,11,10,0.0
Claude Sonnet 4.5,12,1,7.643856189774724
Claude Sonnet 4.5,12,2,5.754887502163468
Claude Sonnet 4.5,12,3,4.584962500721156
Claude Sonnet 4.5,12,4,3.584962500721156
Claude Sonnet 4.5,12,5,2.321928094887362
Claude Sonnet 4.5,12,6,1.584962500721156
Claude Sonnet 4.5,12,7,1.0
Claude Sonnet 4.5,12,8,1.0
Claude Sonnet 4.5,12,9,0.0
Claude Sonnet 4.5,12,10,0.0
Claude Sonnet 4.5,13,1,7.643856189774724
Claude Sonnet 4.5,13,2,5.643856189774724
Claude Sonnet 4.5,13,3,4.643856189774724
Claude Sonnet 4.5,13,4,3.584962500721156
Claude Sonnet 4.5,13,5,2.321928094887362
Claude Sonnet 4.5,13,6,1.584962500721156
Claude Sonnet 4.5,13,7,1.0
Claude Sonnet 4.5,13,8,0.0
Claude Sonnet 4.5,13,9,0.0
Claude Sonnet 4.5,13,10,0.0
Claude Sonnet 4.5,14,1,7.643856189774724
Claude Sonnet 4.5,14,2,6.044394119358453
Claude Sonnet 4.5,14,3,5.087462841250339
Claude Sonnet 4.5,14,4,4.087462841250339
Claude Sonnet 4.5,14,5,3.321928094887362
Claude Sonnet 4.5,14,6,2.321928094887362
Claude Sonnet 4.5,14,7,2.0
Claude Sonnet 4.5,14,8,1.0
Claude Sonnet 4.5,14,9,0.0
Claude Sonnet 4.5,14,10,0.0
Claude Sonnet 4.5,15,1,7.643856189774724
Claude Sonnet 4.5,15,2,5.727920454563199
Claude Sonnet 4.5,15,3,4.247927513443585
Claude Sonnet 4.5,15,4,3.169925001442312
Claude Sonnet 4.5,15,5,1.584962500721156
Claude Sonnet 4.5,15,6,1.0
Claude Sonnet 4.5,15,7,0.0
Claude Sonnet 4.5,15,8,0.0
Claude Sonnet 4.5,15,9,0.0
Claude Sonnet 4.5,15,10,0.0
Claude Sonnet 4.5,16,1,7.643856189774724
Claude Sonnet 4.5,16,2,5.882643049361842
Claude Sonnet 4.5,16,3,4.857980995127572
Claude Sonnet 4.5,16,4,4.0
Claude Sonnet 4.5,16,5,2.807354922057604
Claude Sonnet 4.5,16,6,2.321928094887362
Claude Sonnet 4.5,16,7,2.321928094887362
Claude Sonnet 4.5,16,8,2.0
Claude Sonnet 4.5,16,9,0.0
Claude Sonnet 4.5,16,10,0.0
Claude Sonnet 4.5,17,1,7.643856189774724
Claude Sonnet 4.5,17,2,5.906890595608519
Claude Sonnet 4.5,17,3,4.754887502163468
Claude Sonnet 4.5,17,4,3.584962500721156
Claude Sonnet 4.5,17,5,2.321928094887362
Claude Sonnet 4.5,17,6,1.584962500721156
Claude Sonnet 4.5,17,7,1.0
Claude Sonnet 4.5,17,8,0.0
Claude Sonnet 4.5,17,9,0.0
Claude Sonnet 4.5,17,10,0.0
Claude Sonnet 4.5,18,1,7.643856189774724
Claude Sonnet 4.5,18,2,5.832890014164741
Claude Sonnet 4.5,18,3,4.321928094887363
Claude Sonnet 4.5,18,4,3.169925001442312
Claude Sonnet 4.5,18,5,2.0
Claude Sonnet 4.5,18,6,1.584962500721156
Claude Sonnet 4.5,18,7,1.584962500721156
Claude Sonnet 4.5,18,8,0.0
Claude Sonnet 4.5,18,9,0.0
Claude Sonnet 4.5,18,10,0.0
Claude Sonnet 4.5,19,1,7.643856189774724
Claude Sonnet 4.5,19,2,5.977279923499917
Claude Sonnet 4.5,19,3,4.857980995127572
Claude Sonnet 4.5,19,4,3.700439718141092
Claude Sonnet 4.5,19,5,2.807354922057604
Claude Sonnet 4.5,19,6,2.0
Claude Sonnet 4.5,19,7,1.584962500721156
Claude Sonnet 4.5,19,8,1.0
Claude Sonnet 4.5,19,9,0.0
Claude Sonnet 4.5,19,10,0.0
Claude Sonnet 4.5,20,1,7.643856189774724
Claude Sonnet 4.5,20,2,6.149747119504682
Claude Sonnet 4.5,20,3,4.643856189774724
Claude Sonnet 4.5,20,4,3.4594316186372973
Claude Sonnet 4.5,20,5,2.321928094887362
Claude Sonnet 4.5,20,6,2.0
Claude Sonnet 4.5,20,7,2.0
Claude Sonnet 4.5,20,8,1.584962500721156
Claude Sonnet 4.5,20,9,0.0
Claude Sonnet 4.5,20,10,0.0
Claude Sonnet 4.5,21,1,7.643856189774724
Claude Sonnet 4.5,21,2,5.523561956057013
Claude Sonnet 4.5,21,3,4.584962500721156
Claude Sonnet 4.5,21,4,3.584962500721156
Claude Sonnet 4.5,21,5,2.0
Claude Sonnet 4.5,21,6,1.584962500721156
Claude Sonnet 4.5,21,7,1.584962500721156
Claude Sonnet 4.5,21,8,1.0
Claude Sonnet 4.5,21,9,0.0
Claude Sonnet 4.5,21,10,0.0
Claude Sonnet 4.5,22,1,7.643856189774724
Claude Sonnet 4.5,22,2,5.643856189774724
Claude Sonnet 4.5,22,3,4.459431618637297
Claude Sonnet 4.5,22,4,3.4594316186372973
Claude Sonnet 4.5,22,5,2.0
Claude Sonnet 4.5,22,6,1.0
Claude Sonnet 4.5,22,7,0.0
Claude Sonnet 4.5,22,8,0.0
Claude Sonnet 4.5,22,9,0.0
Claude Sonnet 4.5,22,10,0.0
Claude Sonnet 4.5,23,1,7.643856189774724
Claude Sonnet 4.5,23,2,5.643856189774724
Claude Sonnet 4.5,23,3,4.523561956057013
Claude Sonnet 4.5,23,4,3.4594316186372973
Claude Sonnet 4.5,23,5,2.0
Claude Sonnet 4.5,23,6,1.0
Claude Sonnet 4.5,23,7,0.0
Claude Sonnet 4.5,23,8,0.0
Claude Sonnet 4.5,23,9,0.0
Claude Sonnet 4.5,23,10,0.0
Claude Sonnet 4.5,24,1,7.643856189774724
Claude Sonnet 4.5,24,2,6.321928094887363
Claude Sonnet 4.5,24,3,5.426264754702098
Claude Sonnet 4.5,24,4,4.523561956057013
Claude Sonnet 4.5,24,5,3.584962500721156
Claude Sonnet 4.5,24,6,2.584962500721156
Claude Sonnet 4.5,24,7,2.321928094887362
Claude Sonnet 4.5,24,8,1.584962500721156
Claude Sonnet 4.5,24,9,0.0
Claude Sonnet 4.5,24,10,0.0
Claude Sonnet 4.5,25,1,7.643856189774724
Claude Sonnet 4.5,25,2,5.727920454563199
Claude Sonnet 4.5,25,3,4.857980995127572
Claude Sonnet 4.5,25,4,3.906890595608519
Claude Sonnet 4.5,25,5,2.807354922057604
Claude Sonnet 4.5,25,6,2.0
Claude Sonnet 4.5,25,7,1.584962500721156
Claude Sonnet 4.5,25,8,1.0
Claude Sonnet 4.5,25,9,0.0
Claude Sonnet 4.5,25,10,0.0
Claude Sonnet 4.5,26,1,7.643856189774724
Claude Sonnet 4.5,26,2,6.129283016944966
Claude Sonnet 4.5,26,3,5.321928094887363
Claude Sonnet 4.5,26,4,4.247927513443585
Claude Sonnet 4.5,26,5,3.169925001442312
Claude Sonnet 4.5,26,6,2.584962500721156
Claude Sonnet 4.5,26,7,2.321928094887362
Claude Sonnet 4.5,26,8,1.584962500721156
Claude Sonnet 4.5,26,9,0.0
Claude Sonnet 4.5,26,10,0.0
Claude Sonnet 4.5,27,1,7.643856189774724
Claude Sonnet 4.5,27,2,5.807354922057604
Claude Sonnet 4.5,27,3,4.321928094887363
Claude Sonnet 4.5,27,4,3.4594316186372973
Claude Sonnet 4.5,27,5,2.584962500721156
Claude Sonnet 4.5,27,6,1.584962500721156
Claude Sonnet 4.5,27,7,1.584962500721156
Claude Sonnet 4.5,27,8,1.0
Claude Sonnet 4.5,27,9,0.0
Claude Sonnet 4.5,27,10,0.0
Claude Sonnet 4.5,28,1,7.643856189774724
Claude Sonnet 4.5,28,2,5.459431618637297
Claude Sonnet 4.5,28,3,3.906890595608519
Claude Sonnet 4.5,28,4,2.807354922057604
Claude Sonnet 4.5,28,5,1.584962500721156
Claude Sonnet 4.5,28,6,1.0
Claude Sonnet 4.5,28,7,0.0
Claude Sonnet 4.5,28,8,0.0
Claude Sonnet 4.5,28,9,0.0
Claude Sonnet 4.5,28,10,0.0
Claude Sonnet 4.5,29,1,7.643856189774724
Claude Sonnet 4.5,29,2,6.20945336562895
Claude Sonnet 4.5,29,3,5.044394119358453
Claude Sonnet 4.5,29,4,4.087462841250339
Claude Sonnet 4.5,29,5,2.584962500721156
Claude Sonnet 4.5,29,6,2.0
Claude Sonnet 4.5,29,7,1.584962500721156
Claude Sonnet 4.5,29,8,1.0
Claude Sonnet 4.5,29,9,0.0
Claude Sonnet 4.5,29,10,0.0
Claude Sonnet 4.5,30,1,7.643856189774724
Claude Sonnet 4.5,30,2,5.857980995127572
Claude Sonnet 4.5,30,3,4.754887502163468
Claude Sonnet 4.5,30,4,3.906890595608519
Claude Sonnet 4.5,30,5,2.807354922057604
Claude Sonnet 4.5,30,6,2.0
Claude Sonnet 4.5,30,7,1.0
Claude Sonnet 4.5,30,8,0.0
Claude Sonnet 4.5,30,9,0.0
Claude Sonnet 4.5,30,10,0.0
GPT 5,1,1,7.643856189774724
GPT 5,1,2,5.906890595608519
GPT 5,1,3,4.700439718141093
GPT 5,1,4,3.700439718141092
GPT 5,1,5,2.807354922057604
GPT 5,1,6,2.321928094887362
GPT 5,1,7,0.0
GPT 5,1,8,0.0
GPT 5,1,9,0.0
GPT 5,1,10,0.0
GPT 5,2,1,7.643856189774724
GPT 5,2,2,5.727920454563199
GPT 5,2,3,4.321928094887363
GPT 5,2,4,3.0
GPT 5,2,5,1.584962500721156
GPT 5,2,6,1.584962500721156
GPT 5,2,7,0.0
GPT 5,2,8,0.0
GPT 5,2,9,0.0
GPT 5,2,10,0.0
GPT 5,3,1,7.643856189774724
GPT 5,3,2,5.700439718141093
GPT 5,3,3,4.392317422778761
GPT 5,3,4,3.0
GPT 5,3,5,1.584962500721156
GPT 5,3,6,1.0
GPT 5,3,7,0.0
GPT 5,3,8,0.0
GPT 5,3,9,0.0
GPT 5,3,10,0.0
GPT 5,4,1,7.643856189774724
GPT 5,4,2,5.977279923499917
GPT 5,4,3,4.087462841250339
GPT 5,4,4,3.0
GPT 5,4,5,1.584962500721156
GPT 5,4,6,1.0
GPT 5,4,7,0.0
GPT 5,4,8,0.0
GPT 5,4,9,0.0
GPT 5,4,10,0.0
GPT 5,5,1,7.643856189774724
GPT 5,5,2,5.807354922057604
GPT 5,5,3,4.247927513443585
GPT 5,5,4,3.0
GPT 5,5,5,1.584962500721156
GPT 5,5,6,1.0
GPT 5,5,7,0.0
GPT 5,5,8,0.0
GPT 5,5,9,0.0
GPT 5,5,10,0.0
GPT 5,6,1,7.643856189774724
GPT 5,6,2,5.807354922057604
GPT 5,6,3,4.392317422778761
GPT 5,6,4,3.321928094887362
GPT 5,6,5,2.321928094887362
GPT 5,6,6,1.584962500721156
GPT 5,6,7,0.0
GPT 5,6,8,0.0
GPT 5,6,9,0.0
GPT 5,6,10,0.0
GPT 5,7,1,7.643856189774724
GPT 5,7,2,5.426264754702098
GPT 5,7,3,4.392317422778761
GPT 5,7,4,2.807354922057604
GPT 5,7,5,1.584962500721156
GPT 5,7,6,1.0
GPT 5,7,7,0.0
GPT 5,7,8,0.0
GPT 5,7,9,0.0
GPT 5,7,10,0.0
GPT 5,8,1,7.643856189774724
GPT 5,8,2,5.459431618637297
GPT 5,8,3,4.0
GPT 5,8,4,3.169925001442312
GPT 5,8,5,2.0
GPT 5,8,6,1.584962500721156
GPT 5,8,7,0.0
GPT 5,8,8,0.0
GPT 5,8,9,0.0
GPT 5,8,10,0.0
GPT 5,9,1,7.643856189774724
GPT 5,9,2,5.523561956057013
GPT 5,9,3,4.523561956057013
GPT 5,9,4,3.0
GPT 5,9,5,1.584962500721156
GPT 5,9,6,0.0
GPT 5,9,7,0.0
GPT 5,9,8,0.0
GPT 5,9,9,0.0
GPT 5,9,10,0.0
GPT 5,10,1,7.643856189774724
GPT 5,10,2,5.491853096329675
GPT 5,10,3,4.169925001442312
GPT 5,10,4,3.0
GPT 5,10,5,1.584962500721156
GPT 5,10,6,1.0
GPT 5,10,7,0.0
GPT 5,10,8,0.0
GPT 5,10,9,0.0
GPT 5,10,10,0.0
GPT 5,11,1,7.643856189774724
GPT 5,11,2,5.807354922057604
GPT 5,11,3,4.700439718141093
GPT 5,11,4,3.321928094887362
GPT 5,11,5,2.0
GPT 5,11,6,1.0
GPT 5,11,7,0.0
GPT 5,11,8,0.0
GPT 5,11,9,0.0
GPT 5,11,10,0.0
GPT 5,12,1,7.643856189774724
GPT 5,12,2,5.426264754702098
GPT 5,12,3,4.247927513443585
GPT 5,12,4,3.0
GPT 5,12,5,1.584962500721156
GPT 5,12,6,1.0
GPT 5,12,7,0.0
GPT 5,12,8,0.0
GPT 5,12,9,0.0
GPT 5,12,10,0.0
GPT 5,13,1,7.643856189774724
GPT 5,13,2,5.614709844115208
GPT 5,13,3,4.321928094887363
GPT 5,13,4,3.0
GPT 5,13,5,1.584962500721156
GPT 5,13,6,1.0
GPT 5,13,7,0.0
GPT 5,13,8,0.0
GPT 5,13,9,0.0
GPT 5,13,10,0.0
GPT 5,14,1,7.643856189774724
GPT 5,14,2,5.584962500721156
GPT 5,14,3,4.169925001442312
GPT 5,14,4,2.807354922057604
GPT 5,14,5,1.584962500721156
GPT 5,14,6,1.0
GPT 5,14,7,0.0
GPT 5,14,8,0.0
GPT 5,14,9,0.0
GPT 5,14,10,0.0
GPT 5,15,1,7.643856189774724
GPT 5,15,2,5.20945336562895
GPT 5,15,3,3.906890595608519
GPT 5,15,4,2.584962500721156
GPT 5,15,5,1.584962500721156
GPT 5,15,6,1.0
GPT 5,15,7,0.0
GPT 5,15,8,0.0
GPT 5,15,9,0.0
GPT 5,15,10,0.0
GPT 5,16,1,7.643856189774724
GPT 5,16,2,5.614709844115208
GPT 5,16,3,4.0
GPT 5,16,4,2.807354922057604
GPT 5,16,5,1.0
GPT 5,16,6,0.0
GPT 5,16,7,0.0
GPT 5,16,8,0.0
GPT 5,16,9,0.0
GPT 5,16,10,0.0
GPT 5,17,1,7.643856189774724
GPT 5,17,2,5.129283016944966
GPT 5,17,3,3.700439718141092
GPT 5,17,4,2.321928094887362
GPT 5,17,5,1.0
GPT 5,17,6,1.0
GPT 5,17,7,0.0
GPT 5,17,8,0.0
GPT 5,17,9,0.0
GPT 5,17,10,0.0
GPT 5,18,1,7.643856189774724
GPT 5,18,2,5.584962500721156
GPT 5,18,3,4.392317422778761
GPT 5,18,4,3.169925001442312
GPT 5,18,5,1.584962500721156
GPT 5,18,6,1.584962500721156
GPT 5,18,7,0.0
GPT 5,18,8,0.0
GPT 5,18,9,0.0
GPT 5,18,10,0.0
GPT 5,19,1,7.643856189774724
GPT 5,19,2,5.832890014164741
GPT 5,19,3,4.954196310386875
GPT 5,19,4,3.700439718141092
GPT 5,19,5,2.321928094887362
GPT 5,19,6,2.0
GPT 5,19,7,0.0
GPT 5,19,8,0.0
GPT 5,19,9,0.0
GPT 5,19,10,0.0
GPT 5,20,1,7.643856189774724
GPT 5,20,2,5.614709844115208
GPT 5,20,3,3.906890595608519
GPT 5,20,4,2.321928094887362
GPT 5,20,5,1.0
GPT 5,20,6,0.0
GPT 5,20,7,0.0
GPT 5,20,8,0.0
GPT 5,20,9,0.0
GPT 5,20,10,0.0
GPT 5,21,1,7.643856189774724
GPT 5,21,2,5.20945336562895
GPT 5,21,3,3.584962500721156
GPT 5,21,4,2.0
GPT 5,21,5,0.0
GPT 5,21,6,0.0
GPT 5,21,7,0.0
GPT 5,21,8,0.0
GPT 5,21,9,0.0
GPT 5,21,10,0.0
GPT 5,22,1,7.643856189774724
GPT 5,22,2,5.459431618637297
GPT 5,22,3,4.247927513443585
GPT 5,22,4,2.807354922057604
GPT 5,22,5,1.0
GPT 5,22,6,0.0
GPT 5,22,7,0.0
GPT 5,22,8,0.0
GPT 5,22,9,0.0
GPT 5,22,10,0.0
GPT 5,23,1,7.643856189774724
GPT 5,23,2,5.459431618637297
GPT 5,23,3,4.321928094887363
GPT 5,23,4,3.169925001442312
GPT 5,23,5,1.584962500721156
GPT 5,23,6,1.0
GPT 5,23,7,0.0
GPT 5,23,8,0.0
GPT 5,23,9,0.0
GPT 5,23,10,0.0
GPT 5,24,1,7.643856189774724
GPT 5,24,2,5.700439718141093
GPT 5,24,3,4.523561956057013
GPT 5,24,4,3.4594316186372973
GPT 5,24,5,2.0
GPT 5,24,6,1.0
GPT 5,24,7,0.0
GPT 5,24,8,0.0
GPT 5,24,9,0.0
GPT 5,24,10,0.0
GPT 5,25,1,7.643856189774724
GPT 5,25,2,5.700439718141093
GPT 5,25,3,4.700439718141093
GPT 5,25,4,3.4594316186372973
GPT 5,25,5,1.584962500721156
GPT 5,25,6,1.0
GPT 5,25,7,0.0
GPT 5,25,8,0.0
GPT 5,25,9,0.0
GPT 5,25,10,0.0
GPT 5,26,1,7.643856189774724
GPT 5,26,2,5.832890014164741
GPT 5,26,3,4.754887502163468
GPT 5,26,4,3.584962500721156
GPT 5,26,5,2.321928094887362
GPT 5,26,6,1.584962500721156
GPT 5,26,7,0.0
GPT 5,26,8,0.0
GPT 5,26,9,0.0
GPT 5,26,10,0.0
GPT 5,27,1,7.643856189774724
GPT 5,27,2,5.807354922057604
GPT 5,27,3,4.459431618637297
GPT 5,27,4,3.321928094887362
GPT 5,27,5,2.0
GPT 5,27,6,1.584962500721156
GPT 5,27,7,0.0
GPT 5,27,8,0.0
GPT 5,27,9,0.0
GPT 5,27,10,0.0
GPT 5,28,1,7.643856189774724
GPT 5,28,2,5.247927513443585
GPT 5,28,3,3.906890595608519
GPT 5,28,4,2.584962500721156
GPT 5,28,5,1.584962500721156
GPT 5,28,6,1.0
GPT 5,28,7,0.0
GPT 5,28,8,0.0
GPT 5,28,9,0.0
GPT 5,28,10,0.0
GPT 5,29,1,7.643856189774724
GPT 5,29,2,5.700439718141093
GPT 5,29,3,4.523561956057013
GPT 5,29,4,3.321928094887362
GPT 5,29,5,2.0
GPT 5,29,6,1.0
GPT 5,29,7,0.0
GPT 5,29,8,0.0
GPT 5,29,9,0.0
GPT 5,29,10,0.0
GPT 5,30,1,7.643856189774724
GPT 5,30,2,5.426264754702098
GPT 5,30,3,4.321928094887363
GPT 5,30,4,2.807354922057604
GPT 5,30,5,1.584962500721156
GPT 5,30,6,1.0
GPT 5,30,7,0.0
GPT 5,30,8,0.0
GPT 5,30,9,0.0
GPT 5,30,10,0.0
Gemini 2.5 Pro,1,1,7.643856189774724
Gemini 2.5 Pro,1,2,5.392317422778761
Gemini 2.5 Pro,1,3,4.0
Gemini 2.5 Pro,1,4,3.807354922057604
Gemini 2.5 Pro,1,5,2.584962500721156
Gemini 2.5 Pro,1,6,1.584962500721156
Gemini 2.5 Pro,1,7,1.0
Gemini 2.5 Pro,1,8,0.0
Gemini 2.5 Pro,1,9,0.0
Gemini 2.5 Pro,1,10,0.0
Gemini 2.5 Pro,2,1,7.643856189774724
Gemini 2.5 Pro,2,2,6.108524456778169
Gemini 2.5 Pro,2,3,4.754887502163468
Gemini 2.5 Pro,2,4,4.321928094887363
Gemini 2.5 Pro,2,5,3.321928094887362
Gemini 2.5 Pro,2,6,2.321928094887362
Gemini 2.5 Pro,2,7,1.584962500721156
Gemini 2.5 Pro,2,8,0.0
Gemini 2.5 Pro,2,9,0.0
Gemini 2.5 Pro,2,10,0.0
Gemini 2.5 Pro,3,1,7.643856189774724
Gemini 2.5 Pro,3,2,5.584962500721156
Gemini 2.5 Pro,3,3,4.321928094887363
Gemini 2.5 Pro,3,4,3.807354922057604
Gemini 2.5 Pro,3,5,2.584962500721156
Gemini 2.5 Pro,3,6,1.0
Gemini 2.5 Pro,3,7,0.0
Gemini 2.5 Pro,3,8,0.0
Gemini 2.5 Pro,3,9,0.0
Gemini 2.5 Pro,3,10,0.0
Gemini 2.5 Pro,4,1,7.643856189774724
Gemini 2.5 Pro,4,2,6.0
Gemini 2.5 Pro,4,3,5.0
Gemini 2.5 Pro,4,4,4.247927513443585
Gemini 2.5 Pro,4,5,3.0
Gemini 2.5 Pro,4,6,1.584962500721156
Gemini 2.5 Pro,4,7,1.0
Gemini 2.5 Pro,4,8,0.0
Gemini 2.5 Pro,4,9,0.0
Gemini 2.5 Pro,4,10,0.0
Gemini 2.5 Pro,5,1,7.643856189774724
Gemini 2.5 Pro,5,2,5.906890595608519
Gemini 2.5 Pro,5,3,4.523561956057013
Gemini 2.5 Pro,5,4,4.247927513443585
Gemini 2.5 Pro,5,5,3.0
Gemini 2.5 Pro,5,6,1.584962500721156
Gemini 2.5 Pro,5,7,1.584962500721156
Gemini 2.5 Pro,5,8,0.0
Gemini 2.5 Pro,5,9,0.0
Gemini 2.5 Pro,5,10,0.0
Gemini 2.5 Pro,6,1,7.643856189774724
Gemini 2.5 Pro,6,2,5.807354922057604
Gemini 2.5 Pro,6,3,4.584962500721156
Gemini 2.5 Pro,6,4,4.0
Gemini 2.5 Pro,6,5,3.169925001442312
Gemini 2.5 Pro,6,6,2.0
Gemini 2.5 Pro,6,7,1.584962500721156
Gemini 2.5 Pro,6,8,0.0
Gemini 2.5 Pro,6,9,0.0
Gemini 2.5 Pro,6,10,0.0
Gemini 2.5 Pro,7,1,7.643856189774724
Gemini 2.5 Pro,7,2,5.700439718141093
Gemini 2.5 Pro,7,3,4.754887502163468
Gemini 2.5 Pro,7,4,4.321928094887363
Gemini 2.5 Pro,7,5,3.169925001442312
Gemini 2.5 Pro,7,6,2.0
Gemini 2.5 Pro,7,7,1.0
Gemini 2.5 Pro,7,8,0.0
Gemini 2.5 Pro,7,9,0.0
Gemini 2.5 Pro,7,10,0.0
Gemini 2.5 Pro,8,1,7.643856189774724
Gemini 2.5 Pro,8,2,5.832890014164741
Gemini 2.5 Pro,8,3,4.087462841250339
Gemini 2.5 Pro,8,4,3.4594316186372973
Gemini 2.5 Pro,8,5,2.0
Gemini 2.5 Pro,8,6,1.0
Gemini 2.5 Pro,8,7,0.0
Gemini 2.5 Pro,8,8,0.0
Gemini 2.5 Pro,8,9,0.0
Gemini 2.5 Pro,8,10,0.0
Gemini 2.5 Pro,9,1,7.643856189774724
Gemini 2.5 Pro,9,2,5.954196310386875
Gemini 2.5 Pro,9,3,5.087462841250339
Gemini 2.5 Pro,9,4,4.459431618637297
Gemini 2.5 Pro,9,5,3.584962500721156
Gemini 2.5 Pro,9,6,2.321928094887362
Gemini 2.5 Pro,9,7,1.584962500721156
Gemini 2.5 Pro,9,8,0.0
Gemini 2.5 Pro,9,9,0.0
Gemini 2.5 Pro,9,10,0.0
Gemini 2.5 Pro,10,1,7.643856189774724
Gemini 2.5 Pro,10,2,6.108524456778169
Gemini 2.5 Pro,10,3,5.285402218862249
Gemini 2.5 Pro,10,4,4.247927513443585
Gemini 2.5 Pro,10,5,3.0
Gemini 2.5 Pro,10,6,2.0
Gemini 2.5 Pro,10,7,1.584962500721156
Gemini 2.5 Pro,10,8,0.0
Gemini 2.5 Pro,10,9,0.0
Gemini 2.5 Pro,10,10,0.0
Gemini 2.5 Pro,11,1,7.643856189774724
Gemini 2.5 Pro,11,2,5.614709844115208
Gemini 2.5 Pro,11,3,4.459431618637297
Gemini 2.5 Pro,11,4,4.087462841250339
Gemini 2.5 Pro,11,5,3.169925001442312
Gemini 2.5 Pro,11,6,1.584962500721156
Gemini 2.5 Pro,11,7,1.584962500721156
Gemini 2.5 Pro,11,8,0.0
Gemini 2.5 Pro,11,9,0.0
Gemini 2.5 Pro,11,10,0.0
Gemini 2.5 Pro,12,1,7.643856189774724
Gemini 2.5 Pro,12,2,5.672425341971495
Gemini 2.5 Pro,12,3,4.459431618637297
Gemini 2.5 Pro,12,4,3.807354922057604
Gemini 2.5 Pro,12,5,2.321928094887362
Gemini 2.5 Pro,12,6,1.0
Gemini 2.5 Pro,12,7,1.0
Gemini 2.5 Pro,12,8,0.0
Gemini 2.5 Pro,12,9,0.0
Gemini 2.5 Pro,12,10,0.0
Gemini 2.5 Pro,13,1,7.643856189774724
Gemini 2.5 Pro,13,2,5.977279923499917
Gemini 2.5 Pro,13,3,4.857980995127572
Gemini 2.5 Pro,13,4,3.807354922057604
Gemini 2.5 Pro,13,5,2.807354922057604
Gemini 2.5 Pro,13,6,1.584962500721156
Gemini 2.5 Pro,13,7,1.0
Gemini 2.5 Pro,13,8,0.0
Gemini 2.5 Pro,13,9,0.0
Gemini 2.5 Pro,13,10,0.0
Gemini 2.5 Pro,14,1,7.643856189774724
Gemini 2.5 Pro,14,2,5.700439718141093
Gemini 2.5 Pro,14,3,4.643856189774724
Gemini 2.5 Pro,14,4,4.087462841250339
Gemini 2.5 Pro,14,5,2.807354922057604
Gemini 2.5 Pro,14,6,1.584962500721156
Gemini 2.5 Pro,14,7,1.0
Gemini 2.5 Pro,14,8,0.0
Gemini 2.5 Pro,14,9,0.0
Gemini 2.5 Pro,14,10,0.0
Gemini 2.5 Pro,15,1,7.643856189774724
Gemini 2.5 Pro,15,2,5.614709844115208
Gemini 2.5 Pro,15,3,4.643856189774724
Gemini 2.5 Pro,15,4,4.169925001442312
Gemini 2.5 Pro,15,5,3.0
Gemini 2.5 Pro,15,6,2.0
Gemini 2.5 Pro,15,7,1.0
Gemini 2.5 Pro,15,8,0.0
Gemini 2.5 Pro,15,9,0.0
Gemini 2.5 Pro,15,10,0.0
Gemini 2.5 Pro,16,1,7.643856189774724
Gemini 2.5 Pro,16,2,5.643856189774724
Gemini 2.5 Pro,16,3,4.584962500721156
Gemini 2.5 Pro,16,4,3.807354922057604
Gemini 2.5 Pro,16,5,2.321928094887362
Gemini 2.5 Pro,16,6,1.0
Gemini 2.5 Pro,16,7,0.0
Gemini 2.5 Pro,16,8,0.0
Gemini 2.5 Pro,16,9,0.0
Gemini 2.5 Pro,16,10,0.0
Gemini 2.5 Pro,17,1,7.643856189774724
Gemini 2.5 Pro,17,2,5.832890014164741
Gemini 2.5 Pro,17,3,4.857980995127572
Gemini 2.5 Pro,17,4,4.247927513443585
Gemini 2.5 Pro,17,5,3.0
Gemini 2.5 Pro,17,6,1.584962500721156
Gemini 2.5 Pro,17,7,1.0
Gemini 2.5 Pro,17,8,0.0
Gemini 2.5 Pro,17,9,0.0
Gemini 2.5 Pro,17,10,0.0
Gemini 2.5 Pro,18,1,7.643856189774724
Gemini 2.5 Pro,18,2,5.807354922057604
Gemini 2.5 Pro,18,3,4.459431618637297
Gemini 2.5 Pro,18,4,4.0
Gemini 2.5 Pro,18,5,2.807354922057604
Gemini 2.5 Pro,18,6,2.0
Gemini 2.5 Pro,18,7,1.0
Gemini 2.5 Pro,18,8,0.0
Gemini 2.5 Pro,18,9,0.0
Gemini 2.5 Pro,18,10,0.0
Gemini 2.5 Pro,19,1,7.643856189774724
Gemini 2.5 Pro,19,2,5.672425341971495
Gemini 2.5 Pro,19,3,4.523561956057013
Gemini 2.5 Pro,19,4,3.700439718141092
Gemini 2.5 Pro,19,5,2.584962500721156
Gemini 2.5 Pro,19,6,1.584962500721156
Gemini 2.5 Pro,19,7,1.0
Gemini 2.5 Pro,19,8,0.0
Gemini 2.5 Pro,19,9,0.0
Gemini 2.5 Pro,19,10,0.0
Gemini 2.5 Pro,20,1,7.643856189774724
Gemini 2.5 Pro,20,2,6.129283016944966
Gemini 2.5 Pro,20,3,4.643856189774724
Gemini 2.5 Pro,20,4,4.0
Gemini 2.5 Pro,20,5,3.169925001442312
Gemini 2.5 Pro,20,6,2.0
Gemini 2.5 Pro,20,7,1.0
Gemini 2.5 Pro,20,8,0.0
Gemini 2.5 Pro,20,9,0.0
Gemini 2.5 Pro,20,10,0.0
Gemini 2.5 Pro,21,1,7.643856189774724
Gemini 2.5 Pro,21,2,5.906890595608519
Gemini 2.5 Pro,21,3,4.754887502163468
Gemini 2.5 Pro,21,4,4.392317422778761
Gemini 2.5 Pro,21,5,3.169925001442312
Gemini 2.5 Pro,21,6,2.0
Gemini 2.5 Pro,21,7,1.0
Gemini 2.5 Pro,21,8,0.0
Gemini 2.5 Pro,21,9,0.0
Gemini 2.5 Pro,21,10,0.0
Gemini 2.5 Pro,22,1,7.643856189774724
Gemini 2.5 Pro,22,2,6.022367813028454
Gemini 2.5 Pro,22,3,4.523561956057013
Gemini 2.5 Pro,22,4,4.0
Gemini 2.5 Pro,22,5,3.0
Gemini 2.5 Pro,22,6,1.584962500721156
Gemini 2.5 Pro,22,7,1.0
Gemini 2.5 Pro,22,8,0.0
Gemini 2.5 Pro,22,9,0.0
Gemini 2.5 Pro,22,10,0.0
Gemini 2.5 Pro,23,1,7.643856189774724
Gemini 2.5 Pro,23,2,5.832890014164741
Gemini 2.5 Pro,23,3,5.0
Gemini 2.5 Pro,23,4,4.169925001442312
Gemini 2.5 Pro,23,5,2.807354922057604
Gemini 2.5 Pro,23,6,1.584962500721156
Gemini 2.5 Pro,23,7,1.0
Gemini 2.5 Pro,23,8,0.0
Gemini 2.5 Pro,23,9,0.0
Gemini 2.5 Pro,23,10,0.0
Gemini 2.5 Pro,24,1,7.643856189774724
Gemini 2.5 Pro,24,2,5.614709844115208
Gemini 2.5 Pro,24,3,4.643856189774724
Gemini 2.5 Pro,24,4,4.247927513443585
Gemini 2.5 Pro,24,5,3.0
Gemini 2.5 Pro,24,6,2.0
Gemini 2.5 Pro,24,7,1.584962500721156
Gemini 2.5 Pro,24,8,0.0
Gemini 2.5 Pro,24,9,0.0
Gemini 2.5 Pro,24,10,0.0
Gemini 2.5 Pro,25,1,7.643856189774724
Gemini 2.5 Pro,25,2,6.066089190457772
Gemini 2.5 Pro,25,3,4.700439718141093
Gemini 2.5 Pro,25,4,4.169925001442312
Gemini 2.5 Pro,25,5,3.321928094887362
Gemini 2.5 Pro,25,6,2.0
Gemini 2.5 Pro,25,7,1.0
Gemini 2.5 Pro,25,8,0.0
Gemini 2.5 Pro,25,9,0.0
Gemini 2.5 Pro,25,10,0.0
Gemini 2.5 Pro,26,1,7.643856189774724
Gemini 2.5 Pro,26,2,6.129283016944966
Gemini 2.5 Pro,26,3,4.906890595608519
Gemini 2.5 Pro,26,4,4.459431618637297
Gemini 2.5 Pro,26,5,3.169925001442312
Gemini 2.5 Pro,26,6,2.0
Gemini 2.5 Pro,26,7,1.0
Gemini 2.5 Pro,26,8,0.0
Gemini 2.5 Pro,26,9,0.0
Gemini 2.5 Pro,26,10,0.0
Gemini 2.5 Pro,27,1,7.643856189774724
Gemini 2.5 Pro,27,2,5.584962500721156
Gemini 2.5 Pro,27,3,4.321928094887363
Gemini 2.5 Pro,27,4,3.700439718141092
Gemini 2.5 Pro,27,5,2.321928094887362
Gemini 2.5 Pro,27,6,1.0
Gemini 2.5 Pro,27,7,0.0
Gemini 2.5 Pro,27,8,0.0
Gemini 2.5 Pro,27,9,0.0
Gemini 2.5 Pro,27,10,0.0
Gemini 2.5 Pro,28,1,7.643856189774724
Gemini 2.5 Pro,28,2,6.0
Gemini 2.5 Pro,28,3,4.700439718141093
Gemini 2.5 Pro,28,4,4.0
Gemini 2.5 Pro,28,5,2.807354922057604
Gemini 2.5 Pro,28,6,1.0
Gemini 2.5 Pro,28,7,0.0
Gemini 2.5 Pro,28,8,0.0
Gemini 2.5 Pro,28,9,0.0
Gemini 2.5 Pro,28,10,0.0
Gemini 2.5 Pro,29,1,7.643856189774724
Gemini 2.5 Pro,29,2,5.392317422778761
Gemini 2.5 Pro,29,3,4.0
Gemini 2.5 Pro,29,4,3.321928094887362
Gemini 2.5 Pro,29,5,2.0
Gemini 2.5 Pro,29,6,1.0
Gemini 2.5 Pro,29,7,0.0
Gemini 2.5 Pro,29,8,0.0
Gemini 2.5 Pro,29,9,0.0
Gemini 2.5 Pro,29,10,0.0
Gemini 2.5 Pro,30,1,7.643856189774724
Gemini 2.5 Pro,30,2,6.0
Gemini 2.5 Pro,30,3,4.700439718141093
Gemini 2.5 Pro,30,4,3.807354922057604
Gemini 2.5 Pro,30,5,2.584962500721156
Gemini 2.5 Pro,30,6,1.584962500721156
Gemini 2.5 Pro,30,7,1.0
Gemini 2.5 Pro,30,8,0.0
Gemini 2.5 Pro,30,9,0.0
Gemini 2.5 Pro,30,10,0.0
Grok 4,1,1,7.643856189774724
Grok 4,1,2,6.507794640198696
Grok 4,1,3,5.700439718141092
Grok 4,1,4,4.584962500721156
Grok 4,1,5,3.807354922057604
Grok 4,1,6,3.0
Grok 4,1,7,3.0
Grok 4,1,8,2.807354922057604
Grok 4,1,9,0.0
Grok 4,1,10,0.0
Grok 4,2,1,7.643856189774724
Grok 4,2,2,5.672425341971495
Grok 4,2,3,4.754887502163468
Grok 4,2,4,3.4594316186372973
Grok 4,2,5,2.321928094887362
Grok 4,2,6,1.584962500721156
Grok 4,2,7,1.0
Grok 4,2,8,1.0
Grok 4,2,9,0.0
Grok 4,2,10,0.0
Grok 4,3,1,7.643856189774724
Grok 4,3,2,6.20945336562895
Grok 4,3,3,5.392317422778761
Grok 4,3,4,4.584962500721156
Grok 4,3,5,3.906890595608519
Grok 4,3,6,3.169925001442312
Grok 4,3,7,3.169925001442312
Grok 4,3,8,2.321928094887362
Grok 4,3,9,0.0
Grok 4,3,10,0.0
Grok 4,4,1,7.643856189774724
Grok 4,4,2,6.285402218862249
Grok 4,4,3,5.392317422778761
Grok 4,4,4,4.523561956057013
Grok 4,4,5,3.700439718141092
Grok 4,4,6,2.807354922057604
Grok 4,4,7,2.584962500721156
Grok 4,4,8,1.584962500721156
Grok 4,4,9,0.0
Grok 4,4,10,0.0
Grok 4,5,1,7.643856189774724
Grok 4,5,2,6.22881869049588
Grok 4,5,3,5.357552004618084
Grok 4,5,4,4.392317422778761
Grok 4,5,5,3.700439718141092
Grok 4,5,6,2.584962500721156
Grok 4,5,7,2.321928094887362
Grok 4,5,8,2.0
Grok 4,5,9,0.0
Grok 4,5,10,0.0
Grok 4,6,1,7.643856189774724
Grok 4,6,2,5.78135971352466
Grok 4,6,3,4.700439718141092
Grok 4,6,4,3.584962500721156
Grok 4,6,5,3.0
Grok 4,6,6,2.321928094887362
Grok 4,6,7,2.0
Grok 4,6,8,1.584962500721156
Grok 4,6,9,0.0
Grok 4,6,10,0.0
Grok 4,7,1,7.643856189774724
Grok 4,7,2,5.832890014164741
Grok 4,7,3,4.807354922057604
Grok 4,7,4,4.0
Grok 4,7,5,3.4594316186372973
Grok 4,7,6,3.0
Grok 4,7,7,2.807354922057604
Grok 4,7,8,2.584962500721156
Grok 4,7,9,0.0
Grok 4,7,10,0.0
Grok 4,8,1,7.643856189774724
Grok 4,8,2,5.807354922057604
Grok 4,8,3,4.954196310386875
Grok 4,8,4,4.0
Grok 4,8,5,3.169925001442312
Grok 4,8,6,2.321928094887362
Grok 4,8,7,2.321928094887362
Grok 4,8,8,2.0
Grok 4,8,9,0.0
Grok 4,8,10,0.0
Grok 4,9,1,7.643856189774724
Grok 4,9,2,6.066089190457772
Grok 4,9,3,5.129283016944966
Grok 4,9,4,3.807354922057604
Grok 4,9,5,2.807354922057604
Grok 4,9,6,1.584962500721156
Grok 4,9,7,1.0
Grok 4,9,8,1.0
Grok 4,9,9,0.0
Grok 4,9,10,0.0
Grok 4,10,1,7.643856189774724
Grok 4,10,2,5.78135971352466
Grok 4,10,3,4.807354922057604
Grok 4,10,4,4.087462841250339
Grok 4,10,5,3.321928094887362
Grok 4,10,6,2.321928094887362
Grok 4,10,7,2.0
Grok 4,10,8,1.584962500721156
Grok 4,10,9,0.0
Grok 4,10,10,0.0
Grok 4,11,1,7.643856189774724
Grok 4,11,2,6.108524456778169
Grok 4,11,3,5.087462841250339
Grok 4,11,4,4.087462841250339
Grok 4,11,5,3.169925001442312
Grok 4,11,6,2.584962500721156
Grok 4,11,7,2.0
Grok 4,11,8,1.584962500721156
Grok 4,11,9,0.0
Grok 4,11,10,0.0
Grok 4,12,1,7.643856189774724
Grok 4,12,2,5.954196310386875
Grok 4,12,3,4.807354922057604
Grok 4,12,4,3.807354922057604
Grok 4,12,5,3.169925001442312
Grok 4,12,6,2.584962500721156
Grok 4,12,7,2.0
Grok 4,12,8,1.584962500721156
Grok 4,12,9,0.0
Grok 4,12,10,0.0
Grok 4,13,1,7.643856189774724
Grok 4,13,2,6.459431618637297
Grok 4,13,3,5.285402218862249
Grok 4,13,4,4.523561956057013
Grok 4,13,5,3.700439718141092
Grok 4,13,6,3.321928094887362
Grok 4,13,7,3.169925001442312
Grok 4,13,8,2.807354922057604
Grok 4,13,9,0.0
Grok 4,13,10,0.0
Grok 4,14,1,7.643856189774724
Grok 4,14,2,5.643856189774724
Grok 4,14,3,4.459431618637297
Grok 4,14,4,3.584962500721156
Grok 4,14,5,2.584962500721156
Grok 4,14,6,1.584962500721156
Grok 4,14,7,1.584962500721156
Grok 4,14,8,1.584962500721156
Grok 4,14,9,0.0
Grok 4,14,10,0.0
Grok 4,15,1,7.643856189774724
Grok 4,15,2,6.169925001442312
Grok 4,15,3,5.0
Grok 4,15,4,4.247927513443585
Grok 4,15,5,3.4594316186372973
Grok 4,15,6,2.807354922057604
Grok 4,15,7,2.321928094887362
Grok 4,15,8,1.584962500721156
Grok 4,15,9,0.0
Grok 4,15,10,0.0
Grok 4,16,1,7.643856189774724
Grok 4,16,2,6.022367813028454
Grok 4,16,3,5.491853096329675
Grok 4,16,4,4.584962500721156
Grok 4,16,5,4.087462841250339
Grok 4,16,6,3.4594316186372973
Grok 4,16,7,3.0
Grok 4,16,8,2.807354922057604
Grok 4,16,9,0.0
Grok 4,16,10,0.0
Grok 4,17,1,7.643856189774724
Grok 4,17,2,5.584962500721156
Grok 4,17,3,4.392317422778761
Grok 4,17,4,3.169925001442312
Grok 4,17,5,2.0
Grok 4,17,6,1.0
Grok 4,17,7,1.0
Grok 4,17,8,0.0
Grok 4,17,9,0.0
Grok 4,17,10,0.0
Grok 4,18,1,7.643856189774724
Grok 4,18,2,5.930737337562887
Grok 4,18,3,4.906890595608519
Grok 4,18,4,3.807354922057604
Grok 4,18,5,3.0
Grok 4,18,6,2.0
Grok 4,18,7,1.584962500721156
Grok 4,18,8,1.0
Grok 4,18,9,0.0
Grok 4,18,10,0.0
Grok 4,19,1,7.643856189774724
Grok 4,19,2,5.727920454563199
Grok 4,19,3,4.392317422778761
Grok 4,19,4,3.321928094887362
Grok 4,19,5,2.584962500721156
Grok 4,19,6,2.321928094887362
Grok 4,19,7,2.0
Grok 4,19,8,1.584962500721156
Grok 4,19,9,0.0
Grok 4,19,10,0.0
Grok 4,20,1,7.643856189774724
Grok 4,20,2,6.129283016944966
Grok 4,20,3,4.906890595608519
Grok 4,20,4,3.807354922057604
Grok 4,20,5,2.584962500721156
Grok 4,20,6,1.584962500721156
Grok 4,20,7,1.0
Grok 4,20,8,0.0
Grok 4,20,9,0.0
Grok 4,20,10,0.0
Grok 4,21,1,7.643856189774724
Grok 4,21,2,5.977279923499917
Grok 4,21,3,5.392317422778761
Grok 4,21,4,4.584962500721156
Grok 4,21,5,3.807354922057604
Grok 4,21,6,3.169925001442312
Grok 4,21,7,3.169925001442312
Grok 4,21,8,2.807354922057604
Grok 4,21,9,0.0
Grok 4,21,10,0.0
Grok 4,22,1,7.643856189774724
Grok 4,22,2,5.977279923499917
Grok 4,22,3,5.0
Grok 4,22,4,3.906890595608519
Grok 4,22,5,3.0
Grok 4,22,6,2.0
Grok 4,22,7,1.584962500721156
Grok 4,22,8,1.0
Grok 4,22,9,0.0
Grok 4,22,10,0.0
Grok 4,23,1,7.643856189774724
Grok 4,23,2,6.507794640198696
Grok 4,23,3,5.392317422778761
Grok 4,23,4,4.459431618637297
Grok 4,23,5,3.321928094887362
Grok 4,23,6,2.584962500721156
Grok 4,23,7,2.321928094887362
Grok 4,23,8,2.0
Grok 4,23,9,0.0
Grok 4,23,10,0.0
Grok 4,24,1,7.643856189774724
Grok 4,24,2,6.129283016944966
Grok 4,24,3,5.426264754702098
Grok 4,24,4,4.169925001442312
Grok 4,24,5,3.4594316186372973
Grok 4,24,6,2.807354922057604
Grok 4,24,7,2.584962500721156
Grok 4,24,8,2.321928094887362
Grok 4,24,9,0.0
Grok 4,24,10,0.0
Grok 4,25,1,7.643856189774724
Grok 4,25,2,5.754887502163468
Grok 4,25,3,4.459431618637297
Grok 4,25,4,3.169925001442312
Grok 4,25,5,2.584962500721156
Grok 4,25,6,1.584962500721156
Grok 4,25,7,1.0
Grok 4,25,8,0.0
Grok 4,25,9,0.0
Grok 4,25,10,0.0
Grok 4,26,1,7.643856189774724
Grok 4,26,2,6.066089190457772
Grok 4,26,3,5.321928094887363
Grok 4,26,4,4.392317422778761
Grok 4,26,5,3.807354922057604
Grok 4,26,6,3.169925001442312
Grok 4,26,7,2.584962500721156
Grok 4,26,8,2.0
Grok 4,26,9,0.0
Grok 4,26,10,0.0
Grok 4,27,1,7.643856189774724
Grok 4,27,2,6.0
Grok 4,27,3,5.169925001442312
Grok 4,27,4,4.523561956057013
Grok 4,27,5,3.807354922057604
Grok 4,27,6,3.321928094887362
Grok 4,27,7,3.0
Grok 4,27,8,2.321928094887362
Grok 4,27,9,0.0
Grok 4,27,10,0.0
Grok 4,28,1,7.643856189774724
Grok 4,28,2,5.930737337562887
Grok 4,28,3,5.247927513443585
Grok 4,28,4,4.459431618637297
Grok 4,28,5,3.4594316186372973
Grok 4,28,6,2.321928094887362
Grok 4,28,7,2.321928094887362
Grok 4,28,8,2.0
Grok 4,28,9,0.0
Grok 4,28,10,0.0
Grok 4,29,1,7.643856189774724
Grok 4,29,2,6.066089190457772
Grok 4,29,3,5.285402218862249
Grok 4,29,4,4.392317422778761
Grok 4,29,5,3.4594316186372973
Grok 4,29,6,2.0
Grok 4,29,7,1.584962500721156
Grok 4,29,8,1.0
Grok 4,29,9,0.0
Grok 4,29,10,0.0
Grok 4,30,1,7.643856189774724
Grok 4,30,2,6.754887502163468
Grok 4,30,3,6.108524456778169
Grok 4,30,4,5.554588851677638
Grok 4,30,5,4.459431618637297
Grok 4,30,6,3.906890595608519
Grok 4,30,7,3.807354922057604
Grok 4,30,8,3.584962500721156
Grok 4,30,9,0.0
Grok 4,30,10,0.0
Oracle (Optimal),1,1,7.643856189774724
Oracle (Optimal),1,2,5.426264754702098
Oracle (Optimal),1,3,3.169925001442312
Oracle (Optimal),1,4,1.584962500721156
Oracle (Optimal),1,5,0.0
Oracle (Optimal),1,6,0.0
Oracle (Optimal),1,7,0.0
Oracle (Optimal),1,8,0.0
Oracle (Optimal),1,9,0.0
Oracle (Optimal),1,10,0.0
Oracle (Optimal),2,1,7.643856189774724
Oracle (Optimal),2,2,5.044394119358453
Oracle (Optimal),2,3,3.169925001442312
Oracle (Optimal),2,4,2.0
Oracle (Optimal),2,5,0.0
Oracle (Optimal),2,6,0.0
Oracle (Optimal),2,7,0.0
Oracle (Optimal),2,8,0.0
Oracle (Optimal),2,9,0.0
Oracle (Optimal),2,10,0.0
Oracle (Optimal),3,1,7.643856189774724
Oracle (Optimal),3,2,5.285402218862249
Oracle (Optimal),3,3,2.807354922057604
Oracle (Optimal),3,4,1.0
Oracle (Optimal),3,5,0.0
Oracle (Optimal),3,6,0.0
Oracle (Optimal),3,7,0.0
Oracle (Optimal),3,8,0.0
Oracle (Optimal),3,9,0.0
Oracle (Optimal),3,10,0.0
Oracle (Optimal),4,1,7.643856189774724
Oracle (Optimal),4,2,5.285402218862249
Oracle (Optimal),4,3,3.169925001442312
Oracle (Optimal),4,4,1.584962500721156
Oracle (Optimal),4,5,0.0
Oracle (Optimal),4,6,0.0
Oracle (Optimal),4,7,0.0
Oracle (Optimal),4,8,0.0
Oracle (Optimal),4,9,0.0
Oracle (Optimal),4,10,0.0
Oracle (Optimal),5,1,7.643856189774724
Oracle (Optimal),5,2,5.285402218862249
Oracle (Optimal),5,3,2.807354922057604
Oracle (Optimal),5,4,0.0
Oracle (Optimal),5,5,0.0
Oracle (Optimal),5,6,0.0
Oracle (Optimal),5,7,0.0
Oracle (Optimal),5,8,0.0
Oracle (Optimal),5,9,0.0
Oracle (Optimal),5,10,0.0
Oracle (Optimal),6,1,7.643856189774724
Oracle (Optimal),6,2,5.129283016944966
Oracle (Optimal),6,3,3.4594316186372973
Oracle (Optimal),6,4,1.584962500721156
Oracle (Optimal),6,5,1.0
Oracle (Optimal),6,6,0.0
Oracle (Optimal),6,7,0.0
Oracle (Optimal),6,8,0.0
Oracle (Optimal),6,9,0.0
Oracle (Optimal),6,10,0.0
Oracle (Optimal),7,1,7.643856189774724
Oracle (Optimal),7,2,5.426264754702098
Oracle (Optimal),7,3,3.169925001442312
Oracle (Optimal),7,4,1.584962500721156
Oracle (Optimal),7,5,0.0
Oracle (Optimal),7,6,0.0
Oracle (Optimal),7,7,0.0
Oracle (Optimal),7,8,0.0
Oracle (Optimal),7,9,0.0
Oracle (Optimal),7,10,0.0
Oracle (Optimal),8,1,7.643856189774724
Oracle (Optimal),8,2,5.643856189774724
Oracle (Optimal),8,3,3.0
Oracle (Optimal),8,4,0.0
Oracle (Optimal),8,5,0.0
Oracle (Optimal),8,6,0.0
Oracle (Optimal),8,7,0.0
Oracle (Optimal),8,8,0.0
Oracle (Optimal),8,9,0.0
Oracle (Optimal),8,10,0.0
Oracle (Optimal),9,1,7.643856189774724
Oracle (Optimal),9,2,5.285402218862249
Oracle (Optimal),9,3,3.169925001442312
Oracle (Optimal),9,4,1.584962500721156
Oracle (Optimal),9,5,0.0
Oracle (Optimal),9,6,0.0
Oracle (Optimal),9,7,0.0
Oracle (Optimal),9,8,0.0
Oracle (Optimal),9,9,0.0
Oracle (Optimal),9,10,0.0
Oracle (Optimal),10,1,7.643856189774724
Oracle (Optimal),10,2,5.643856189774724
Oracle (Optimal),10,3,3.584962500721156
Oracle (Optimal),10,4,1.0
Oracle (Optimal),10,5,0.0
Oracle (Optimal),10,6,0.0
Oracle (Optimal),10,7,0.0
Oracle (Optimal),10,8,0.0
Oracle (Optimal),10,9,0.0
Oracle (Optimal),10,10,0.0
Oracle (Optimal),11,1,7.643856189774724
Oracle (Optimal),11,2,5.643856189774724
Oracle (Optimal),11,3,3.4594316186372973
Oracle (Optimal),11,4,1.584962500721156
Oracle (Optimal),11,5,0.0
Oracle (Optimal),11,6,0.0
Oracle (Optimal),11,7,0.0
Oracle (Optimal),11,8,0.0
Oracle (Optimal),11,9,0.0
Oracle (Optimal),11,10,0.0
Oracle (Optimal),12,1,7.643856189774724
Oracle (Optimal),12,2,5.044394119358453
Oracle (Optimal),12,3,2.807354922057604
Oracle (Optimal),12,4,1.584962500721156
Oracle (Optimal),12,5,0.0
Oracle (Optimal),12,6,0.0
Oracle (Optimal),12,7,0.0
Oracle (Optimal),12,8,0.0
Oracle (Optimal),12,9,0.0
Oracle (Optimal),12,10,0.0
Oracle (Optimal),13,1,7.643856189774724
Oracle (Optimal),13,2,5.643856189774724
Oracle (Optimal),13,3,3.4594316186372973
Oracle (Optimal),13,4,1.0
Oracle (Optimal),13,5,0.0
Oracle (Optimal),13,6,0.0
Oracle (Optimal),13,7,0.0
Oracle (Optimal),13,8,0.0
Oracle (Optimal),13,9,0.0
Oracle (Optimal),13,10,0.0
Oracle (Optimal),14,1,7.643856189774724
Oracle (Optimal),14,2,5.285402218862249
Oracle (Optimal),14,3,3.169925001442312
Oracle (Optimal),14,4,1.0
Oracle (Optimal),14,5,0.0
Oracle (Optimal),14,6,0.0
Oracle (Optimal),14,7,0.0
Oracle (Optimal),14,8,0.0
Oracle (Optimal),14,9,0.0
Oracle (Optimal),14,10,0.0
Oracle (Optimal),15,1,7.643856189774724
Oracle (Optimal),15,2,5.643856189774724
Oracle (Optimal),15,3,3.4594316186372973
Oracle (Optimal),15,4,1.0
Oracle (Optimal),15,5,0.0
Oracle (Optimal),15,6,0.0
Oracle (Optimal),15,7,0.0
Oracle (Optimal),15,8,0.0
Oracle (Optimal),15,9,0.0
Oracle (Optimal),15,10,0.0
Oracle (Optimal),16,1,7.643856189774724
Oracle (Optimal),16,2,5.285402218862249
Oracle (Optimal),16,3,2.807354922057604
Oracle (Optimal),16,4,1.0
Oracle (Optimal),16,5,0.0
Oracle (Optimal),16,6,0.0
Oracle (Optimal),16,7,0.0
Oracle (Optimal),16,8,0.0
Oracle (Optimal),16,9,0.0
Oracle (Optimal),16,10,0.0
Oracle (Optimal),17,1,7.643856189774724
Oracle (Optimal),17,2,5.285402218862249
Oracle (Optimal),17,3,2.807354922057604
Oracle (Optimal),17,4,0.0
Oracle (Optimal),17,5,0.0
Oracle (Optimal),17,6,0.0
Oracle (Optimal),17,7,0.0
Oracle (Optimal),17,8,0.0
Oracle (Optimal),17,9,0.0
Oracle (Optimal),17,10,0.0
Oracle (Optimal),18,1,7.643856189774724
Oracle (Optimal),18,2,5.426264754702098
Oracle (Optimal),18,3,3.169925001442312
Oracle (Optimal),18,4,1.584962500721156
Oracle (Optimal),18,5,0.0
Oracle (Optimal),18,6,0.0
Oracle (Optimal),18,7,0.0
Oracle (Optimal),18,8,0.0
Oracle (Optimal),18,9,0.0
Oracle (Optimal),18,10,0.0
Oracle (Optimal),19,1,7.643856189774724
Oracle (Optimal),19,2,5.643856189774724
Oracle (Optimal),19,3,3.0
Oracle (Optimal),19,4,2.0
Oracle (Optimal),19,5,0.0
Oracle (Optimal),19,6,0.0
Oracle (Optimal),19,7,0.0
Oracle (Optimal),19,8,0.0
Oracle (Optimal),19,9,0.0
Oracle (Optimal),19,10,0.0
Oracle (Optimal),20,1,7.643856189774724
Oracle (Optimal),20,2,5.426264754702098
Oracle (Optimal),20,3,3.169925001442312
Oracle (Optimal),20,4,1.584962500721156
Oracle (Optimal),20,5,0.0
Oracle (Optimal),20,6,0.0
Oracle (Optimal),20,7,0.0
Oracle (Optimal),20,8,0.0
Oracle (Optimal),20,9,0.0
Oracle (Optimal),20,10,0.0
Oracle (Optimal),21,1,7.643856189774724
Oracle (Optimal),21,2,5.643856189774724
Oracle (Optimal),21,3,3.0
Oracle (Optimal),21,4,0.0
Oracle (Optimal),21,5,0.0
Oracle (Optimal),21,6,0.0
Oracle (Optimal),21,7,0.0
Oracle (Optimal),21,8,0.0
Oracle (Optimal),21,9,0.0
Oracle (Optimal),21,10,0.0
Oracle (Optimal),22,1,7.643856189774724
Oracle (Optimal),22,2,5.285402218862249
Oracle (Optimal),22,3,3.169925001442312
Oracle (Optimal),22,4,1.0
Oracle (Optimal),22,5,0.0
Oracle (Optimal),22,6,0.0
Oracle (Optimal),22,7,0.0
Oracle (Optimal),22,8,0.0
Oracle (Optimal),22,9,0.0
Oracle (Optimal),22,10,0.0
Oracle (Optimal),23,1,7.643856189774724
Oracle (Optimal),23,2,5.426264754702098
Oracle (Optimal),23,3,3.169925001442312
Oracle (Optimal),23,4,2.0
Oracle (Optimal),23,5,0.0
Oracle (Optimal),23,6,0.0
Oracle (Optimal),23,7,0.0
Oracle (Optimal),23,8,0.0
Oracle (Optimal),23,9,0.0
Oracle (Optimal),23,10,0.0
Oracle (Optimal),24,1,7.643856189774724
Oracle (Optimal),24,2,5.129283016944966
Oracle (Optimal),24,3,3.0
Oracle (Optimal),24,4,1.0
Oracle (Optimal),24,5,0.0
Oracle (Optimal),24,6,0.0
Oracle (Optimal),24,7,0.0
Oracle (Optimal),24,8,0.0
Oracle (Optimal),24,9,0.0
Oracle (Optimal),24,10,0.0
Oracle (Optimal),25,1,7.643856189774724
Oracle (Optimal),25,2,5.643856189774724
Oracle (Optimal),25,3,3.4594316186372973
Oracle (Optimal),25,4,0.0
Oracle (Optimal),25,5,0.0
Oracle (Optimal),25,6,0.0
Oracle (Optimal),25,7,0.0
Oracle (Optimal),25,8,0.0
Oracle (Optimal),25,9,0.0
Oracle (Optimal),25,10,0.0
Oracle (Optimal),26,1,7.643856189774724
Oracle (Optimal),26,2,5.643856189774724
Oracle (Optimal),26,3,3.4594316186372973
Oracle (Optimal),26,4,1.584962500721156
Oracle (Optimal),26,5,0.0
Oracle (Optimal),26,6,0.0
Oracle (Optimal),26,7,0.0
Oracle (Optimal),26,8,0.0
Oracle (Optimal),26,9,0.0
Oracle (Optimal),26,10,0.0
Oracle (Optimal),27,1,7.643856189774724
Oracle (Optimal),27,2,5.129283016944966
Oracle (Optimal),27,3,3.4594316186372973
Oracle (Optimal),27,4,1.584962500721156
Oracle (Optimal),27,5,0.0
Oracle (Optimal),27,6,0.0
Oracle (Optimal),27,7,0.0
Oracle (Optimal),27,8,0.0
Oracle (Optimal),27,9,0.0
Oracle (Optimal),27,10,0.0
Oracle (Optimal),28,1,7.643856189774724
Oracle (Optimal),28,2,5.643856189774724
Oracle (Optimal),28,3,3.4594316186372973
Oracle (Optimal),28,4,1.0
Oracle (Optimal),28,5,0.0
Oracle (Optimal),28,6,0.0
Oracle (Optimal),28,7,0.0
Oracle (Optimal),28,8,0.0
Oracle (Optimal),28,9,0.0
Oracle (Optimal),28,10,0.0
Oracle (Optimal),29,1,7.643856189774724
Oracle (Optimal),29,2,5.129283016944966
Oracle (Optimal),29,3,2.584962500721156
Oracle (Optimal),29,4,1.584962500721156
Oracle (Optimal),29,5,0.0
Oracle (Optimal),29,6,0.0
Oracle (Optimal),29,7,0.0
Oracle (Optimal),29,8,0.0
Oracle (Optimal),29,9,0.0
Oracle (Optimal),29,10,0.0
Oracle (Optimal),30,1,7.643856189774724
Oracle (Optimal),30,2,5.044394119358453
Oracle (Optimal),30,3,2.807354922057604
Oracle (Optimal),30,4,1.0
Oracle (Optimal),30,5,0.0
Oracle (Optimal),30,6,0.0
Oracle (Optimal),30,7,0.0
Oracle (Optimal),30,8,0.0
Oracle (Optimal),30,9,0.0
Oracle (Optimal),30,10,0.0
