{
  "attribute_order": [
    "capital_city",
    "city",
    "coastal",
    "cold",
    "cultural_site",
    "desert",
    "island",
    "mountainous",
    "natural_site",
    "population_large",
    "tourist_hotspot",
    "tropical",
    "unesco"
  ],
  "num_items": 25,
  "num_equivalence_classes": 25,
  "num_classes_with_duplicates": 0,
  "classes": [
    {
      "members": [
        "Amazon Rainforest"
      ]
    },
    {
      "members": [
        "Baghdad"
      ]
    },
    {
      "members": [
        "Bogota"
      ]
    },
    {
      "members": [
        "Bora Bora"
      ]
    },
    {
      "members": [
        "Buenos Aires"
      ]
    },
    {
      "members": [
        "Cinque Terre"
      ]
    },
    {
      "members": [
        "Cusco"
      ]
    },
    {
      "members": [
        "Grand Canyon"
      ]
    },
    {
      "members": [
        "Great Barrier Reef"
      ]
    },
    {
      "members": [
        "Hong Kong"
      ]
    },
    {
      "members": [
        "Istanbul"
      ]
    },
    {
      "members": [
        "Lima"
      ]
    },
    {
      "members": [
        "Lisbon"
      ]
    },
    {
      "members": [
        "Los Angeles"
      ]
    },
    {
      "members": [
        "Marrakech"
      ]
    },
    {
      "members": [
        "Mount Fuji"
      ]
    },
    {
      "members": [
        "Mount Kilimanjaro"
      ]
    },
    {
      "members": [
        "Mumbai"
      ]
    },
    {
      "members": [
        "Namib Desert"
      ]
    },
    {
      "members": [
        "Plitvice Lakes"
      ]
    },
    {
      "members": [
        "Rome"
      ]
    },
    {
      "members": [
        "Salar de Uyuni"
      ]
    },
    {
      "members": [
        "The Great Wall of China"
      ]
    },
    {
      "members": [
        "Tokyo"
      ]
    },
    {
      "members": [
        "Victoria Falls"
      ]
    }
  ]
}