{
  "Acura NSX": {
    "all_wheel_drive": true,
    "convertible": false,
    "coupe": true,
    "domestic": false,
    "electric": false,
    "expensive": true,
    "front_wheel_drive": false,
    "gas": false,
    "hybrid": true,
    "luxury": true,
    "off_road": false,
    "rear_wheel_drive": false,
    "seats_2": true,
    "seats_4": false,
    "seats_5": false,
    "seats_7plus": false,
    "sedan": false,
    "sports": true,
    "suv": false,
    "truck": false
  },
  "Audi R8": {
    "all_wheel_drive": true,
    "convertible": true,
    "coupe": true,
    "domestic": false,
    "electric": false,
    "expensive": true,
    "front_wheel_drive": false,
    "gas": true,
    "hybrid": false,
    "luxury": true,
    "off_road": false,
    "rear_wheel_drive": false,
    "seats_2": true,
    "seats_4": false,
    "seats_5": false,
    "seats_7plus": false,
    "sedan": false,
    "sports": true,
    "suv": false,
    "truck": false
  },
  "BMW 3 Series": {
    "all_wheel_drive": false,
    "convertible": false,
    "coupe": false,
    "domestic": false,
    "electric": false,
    "expensive": false,
    "front_wheel_drive": false,
    "gas": true,
    "hybrid": false,
    "luxury": true,
    "off_road": false,
    "rear_wheel_drive": true,
    "seats_2": false,
    "seats_4": false,
    "seats_5": true,
    "seats_7plus": false,
    "sedan": true,
    "sports": false,
    "suv": false,
    "truck": false
  },
  "BMW X5": {
    "all_wheel_drive": true,
    "convertible": false,
    "coupe": false,
    "domestic": false,
    "electric": false,
    "expensive": false,
    "front_wheel_drive": false,
    "gas": false,
    "hybrid": true,
    "luxury": true,
    "off_road": false,
    "rear_wheel_drive": false,
    "seats_2": false,
    "seats_4": false,
    "seats_5": true,
    "seats_7plus": false,
    "sedan": false,
    "sports": false,
    "suv": true,
    "truck": false
  },
  "Chevrolet Corvette": {
    "all_wheel_drive": false,
    "convertible": false,
    "coupe": true,
    "domestic": true,
    "electric": false,
    "expensive": false,
    "front_wheel_drive": false,
    "gas": true,
    "hybrid": false,
    "luxury": false,
    "off_road": false,
    "rear_wheel_drive": true,
    "seats_2": true,
    "seats_4": false,
    "seats_5": false,
    "seats_7plus": false,
    "sedan": false,
    "sports": true,
    "suv": false,
    "truck": false
  },
  "Chevrolet Tahoe": {
    "all_wheel_drive": true,
    "convertible": false,
    "coupe": false,
    "domestic": true,
    "electric": false,
    "expensive": false,
    "front_wheel_drive": false,
    "gas": true,
    "hybrid": false,
    "luxury": true,
    "off_road": true,
    "rear_wheel_drive": false,
    "seats_2": false,
    "seats_4": false,
    "seats_5": false,
    "seats_7plus": true,
    "sedan": false,
    "sports": false,
    "suv": true,
    "truck": false
  },
  "Dodge Charger": {
    "all_wheel_drive": true,
    "convertible": false,
    "coupe": false,
    "domestic": true,
    "electric": false,
    "expensive": false,
    "front_wheel_drive": false,
    "gas": true,
    "hybrid": false,
    "luxury": false,
    "off_road": false,
    "rear_wheel_drive": true,
    "seats_2": false,
    "seats_4": false,
    "seats_5": true,
    "seats_7plus": false,
    "sedan": true,
    "sports": true,
    "suv": false,
    "truck": false
  },
  "Ford Maverick": {
    "all_wheel_drive": false,
    "convertible": false,
    "coupe": false,
    "domestic": true,
    "electric": false,
    "expensive": false,
    "front_wheel_drive": true,
    "gas": false,
    "hybrid": true,
    "luxury": false,
    "off_road": false,
    "rear_wheel_drive": false,
    "seats_2": false,
    "seats_4": false,
    "seats_5": true,
    "seats_7plus": false,
    "sedan": false,
    "sports": false,
    "suv": false,
    "truck": true
  },
  "Genesis GV80": {
    "all_wheel_drive": true,
    "convertible": false,
    "coupe": false,
    "domestic": false,
    "electric": false,
    "expensive": false,
    "front_wheel_drive": false,
    "gas": true,
    "hybrid": false,
    "luxury": true,
    "off_road": false,
    "rear_wheel_drive": true,
    "seats_2": false,
    "seats_4": false,
    "seats_5": false,
    "seats_7plus": true,
    "sedan": false,
    "sports": false,
    "suv": true,
    "truck": false
  },
  "Hyundai Ioniq 6": {
    "all_wheel_drive": true,
    "convertible": false,
    "coupe": false,
    "domestic": false,
    "electric": true,
    "expensive": false,
    "front_wheel_drive": false,
    "gas": false,
    "hybrid": false,
    "luxury": false,
    "off_road": false,
    "rear_wheel_drive": false,
    "seats_2": false,
    "seats_4": false,
    "seats_5": true,
    "seats_7plus": false,
    "sedan": true,
    "sports": false,
    "suv": false,
    "truck": false
  },
  "Jaguar F-Type": {
    "all_wheel_drive": true,
    "convertible": false,
    "coupe": true,
    "domestic": false,
    "electric": false,
    "expensive": false,
    "front_wheel_drive": false,
    "gas": true,
    "hybrid": false,
    "luxury": true,
    "off_road": false,
    "rear_wheel_drive": true,
    "seats_2": true,
    "seats_4": false,
    "seats_5": false,
    "seats_7plus": false,
    "sedan": false,
    "sports": true,
    "suv": false,
    "truck": false
  },
  "Jeep Grand Cherokee": {
    "all_wheel_drive": true,
    "convertible": false,
    "coupe": false,
    "domestic": true,
    "electric": false,
    "expensive": false,
    "front_wheel_drive": false,
    "gas": false,
    "hybrid": true,
    "luxury": false,
    "off_road": true,
    "rear_wheel_drive": false,
    "seats_2": false,
    "seats_4": false,
    "seats_5": true,
    "seats_7plus": false,
    "sedan": false,
    "sports": false,
    "suv": true,
    "truck": false
  },
  "Jeep Wrangler": {
    "all_wheel_drive": true,
    "convertible": true,
    "coupe": false,
    "domestic": true,
    "electric": false,
    "expensive": false,
    "front_wheel_drive": false,
    "gas": true,
    "hybrid": false,
    "luxury": false,
    "off_road": true,
    "rear_wheel_drive": false,
    "seats_2": false,
    "seats_4": false,
    "seats_5": true,
    "seats_7plus": false,
    "sedan": false,
    "sports": false,
    "suv": true,
    "truck": false
  },
  "Kia Carnival": {
    "all_wheel_drive": false,
    "convertible": false,
    "coupe": false,
    "domestic": false,
    "electric": false,
    "expensive": false,
    "front_wheel_drive": true,
    "gas": true,
    "hybrid": false,
    "luxury": false,
    "off_road": false,
    "rear_wheel_drive": false,
    "seats_2": false,
    "seats_4": false,
    "seats_5": false,
    "seats_7plus": true,
    "sedan": false,
    "sports": false,
    "suv": true,
    "truck": false
  },
  "Lexus LC 500": {
    "all_wheel_drive": false,
    "convertible": true,
    "coupe": true,
    "domestic": false,
    "electric": false,
    "expensive": true,
    "front_wheel_drive": false,
    "gas": true,
    "hybrid": false,
    "luxury": true,
    "off_road": false,
    "rear_wheel_drive": true,
    "seats_2": false,
    "seats_4": true,
    "seats_5": false,
    "seats_7plus": false,
    "sedan": false,
    "sports": true,
    "suv": false,
    "truck": false
  },
  "Lexus RX": {
    "all_wheel_drive": true,
    "convertible": false,
    "coupe": false,
    "domestic": false,
    "electric": false,
    "expensive": false,
    "front_wheel_drive": false,
    "gas": false,
    "hybrid": true,
    "luxury": true,
    "off_road": false,
    "rear_wheel_drive": false,
    "seats_2": false,
    "seats_4": false,
    "seats_5": true,
    "seats_7plus": true,
    "sedan": false,
    "sports": false,
    "suv": true,
    "truck": false
  },
  "Lucid Air": {
    "all_wheel_drive": true,
    "convertible": false,
    "coupe": false,
    "domestic": true,
    "electric": true,
    "expensive": true,
    "front_wheel_drive": false,
    "gas": false,
    "hybrid": false,
    "luxury": true,
    "off_road": false,
    "rear_wheel_drive": false,
    "seats_2": false,
    "seats_4": false,
    "seats_5": true,
    "seats_7plus": false,
    "sedan": true,
    "sports": true,
    "suv": false,
    "truck": false
  },
  "McLaren Artura": {
    "all_wheel_drive": false,
    "convertible": false,
    "coupe": true,
    "domestic": false,
    "electric": false,
    "expensive": true,
    "front_wheel_drive": false,
    "gas": false,
    "hybrid": true,
    "luxury": true,
    "off_road": false,
    "rear_wheel_drive": true,
    "seats_2": true,
    "seats_4": false,
    "seats_5": false,
    "seats_7plus": false,
    "sedan": false,
    "sports": true,
    "suv": false,
    "truck": false
  },
  "Mini Cooper": {
    "all_wheel_drive": false,
    "convertible": false,
    "coupe": true,
    "domestic": false,
    "electric": false,
    "expensive": false,
    "front_wheel_drive": true,
    "gas": true,
    "hybrid": false,
    "luxury": false,
    "off_road": false,
    "rear_wheel_drive": false,
    "seats_2": false,
    "seats_4": true,
    "seats_5": false,
    "seats_7plus": false,
    "sedan": false,
    "sports": false,
    "suv": false,
    "truck": false
  },
  "Rivian R1T": {
    "all_wheel_drive": true,
    "convertible": false,
    "coupe": false,
    "domestic": true,
    "electric": true,
    "expensive": true,
    "front_wheel_drive": false,
    "gas": false,
    "hybrid": false,
    "luxury": true,
    "off_road": true,
    "rear_wheel_drive": false,
    "seats_2": false,
    "seats_4": false,
    "seats_5": true,
    "seats_7plus": false,
    "sedan": false,
    "sports": false,
    "suv": false,
    "truck": true
  },
  "Subaru Forester Wilderness": {
    "all_wheel_drive": true,
    "convertible": false,
    "coupe": false,
    "domestic": false,
    "electric": false,
    "expensive": false,
    "front_wheel_drive": false,
    "gas": true,
    "hybrid": false,
    "luxury": false,
    "off_road": true,
    "rear_wheel_drive": false,
    "seats_2": false,
    "seats_4": false,
    "seats_5": true,
    "seats_7plus": false,
    "sedan": false,
    "sports": false,
    "suv": true,
    "truck": false
  },
  "Tesla Model Y": {
    "all_wheel_drive": true,
    "convertible": false,
    "coupe": false,
    "domestic": true,
    "electric": true,
    "expensive": true,
    "front_wheel_drive": false,
    "gas": false,
    "hybrid": false,
    "luxury": true,
    "off_road": false,
    "rear_wheel_drive": false,
    "seats_2": false,
    "seats_4": false,
    "seats_5": true,
    "seats_7plus": true,
    "sedan": false,
    "sports": false,
    "suv": true,
    "truck": false
  },
  "Toyota Prius": {
    "all_wheel_drive": false,
    "convertible": false,
    "coupe": false,
    "domestic": false,
    "electric": false,
    "expensive": false,
    "front_wheel_drive": true,
    "gas": false,
    "hybrid": true,
    "luxury": false,
    "off_road": false,
    "rear_wheel_drive": false,
    "seats_2": false,
    "seats_4": false,
    "seats_5": true,
    "seats_7plus": false,
    "sedan": true,
    "sports": false,
    "suv": false,
    "truck": false
  },
  "Toyota Sienna": {
    "all_wheel_drive": true,
    "convertible": false,
    "coupe": false,
    "domestic": false,
    "electric": false,
    "expensive": false,
    "front_wheel_drive": false,
    "gas": false,
    "hybrid": true,
    "luxury": false,
    "off_road": true,
    "rear_wheel_drive": false,
    "seats_2": false,
    "seats_4": false,
    "seats_5": false,
    "seats_7plus": true,
    "sedan": false,
    "sports": false,
    "suv": false,
    "truck": false
  },
  "Volvo XC90": {
    "all_wheel_drive": true,
    "convertible": false,
    "coupe": false,
    "domestic": false,
    "electric": false,
    "expensive": false,
    "front_wheel_drive": false,
    "gas": false,
    "hybrid": true,
    "luxury": true,
    "off_road": false,
    "rear_wheel_drive": false,
    "seats_2": false,
    "seats_4": false,
    "seats_5": false,
    "seats_7plus": true,
    "sedan": false,
    "sports": false,
    "suv": true,
    "truck": false
  }
}